nome_touro,registro,ano_nasc,var_mocha,geracao,grau_sangue,raca2_marcador,pelagem,categoria,criador_codigo,fornecedor_semen_cod,reb_desm,nf_desm,pn_dep,pn_acuracia,pn_percentil,gnd_direto_dep,gnd_direto_acuracia,gnd_direto_percentil,gnd_materno_dep,gnd_materno_acuracia,gnd_materno_percentil,netos,conformacao_desm_dep,conformacao_desm_percentil,precocidade_desm_dep,precocidade_desm_percentil,musculatura_desm_dep,musculatura_desm_percentil,tamanho_desm_dep,tamanho_desm_percentil,pelame_desm_dep,pelame_desm_percentil,indice_desmama,indice_desmama_percentil,reb_sobreano,nf_sobreano,gds_dep,gds_acuracia,gds_percentil,gns_dep,gns_percentil,conformacao_sobr_dep,conformacao_sobr_percentil,precocidade_sobr_dep,precocidade_sobr_percentil,musculatura_sobr_dep,musculatura_sobr_percentil,tamanho_sobr_dep,tamanho_sobr_percentil,pelame_sobr_dep,pelame_sobr_percentil,perimetro_escrotal_dep,perimetro_escrotal_acuracia,perimetro_escrotal_percentil,indice_final,indice_final_percentil
GAP R167/16,113705,2016,,,3/8,,P,PS,23388,,2,20,"0,11","0,24",52,"6,61","0,34",10,,,,,"0,16",23,"0,11",46,"0,11",43,"0,10",18,"-0,04",38,,12,2,14,"5,93","0,20",9,"12,54",9,"0,19",21,"0,09",49,"0,11",42,"0,09",21,"-0,04",43,"0,41","0,15",34,"18,17",12
TRADIÇÃO MT PROFETA 3G 3402,144249,2018,,,3/8,,P,PS,23242,,1,37,"0,79","0,51",84,"6,18","0,48",12,,,,,"0,26",9,"0,14",35,"0,17",23,"0,04",34,"-0,01",63,,9,1,20,"2,80","0,34",26,"8,98",17,"0,29",8,"0,19",18,"0,19",23,"0,03",39,"-0,00",73,"0,33","0,29",41,"17,04",12
QUILPO 2104 DON RAUL SOBERANO,IA126233,2009,,,3/8,,P,E,23805,T,11,146,"0,75","0,67",83,"1,39","0,68",45,"1,43","0,22",9,55,"0,13",31,"0,13",38,"0,15",30,"0,10",18,"-0,01",61,,40,8,92,"6,81","0,54",6,"8,20",19,"0,23",15,"0,16",27,"0,16",30,"0,11",18,"-0,02",60,"1,51","0,62",2,"16,82",13
JUQUIRY BLACK TE6572 CSONKA 7181 GLD TRUMPETER,117522,2016,,,3/8,,P,PS,18553,R,30,301,"0,90","0,76",86,"4,53","0,78",20,"-1,31","0,20",85,37,"0,28",7,"0,10",47,"0,16",25,"0,07",25,"-0,04",39,,13,26,192,"1,89","0,62",33,"6,42",26,"0,29",9,"0,10",45,"0,18",25,"0,06",31,"-0,05",36,"1,08","0,66",7,"16,63",13
TRADIÇÃO MT PROFETA 3G 2919,137522,2017,,,3/8,,P,PS,23242,,1,34,"1,27","0,53",94,"4,79","0,50",18,"-0,47","0,16",70,6,"0,36",2,"0,31",6,"0,34",5,"0,04",34,"-0,12",8,,9,1,27,"1,79","0,38",34,"6,58",25,"0,34",4,"0,27",7,"0,32",7,"0,01",48,"-0,08",17,"-0,11","0,37",72,"16,13",13
J.M.T D225,115487,2016,,,3/8,,P,PS,15813,,3,65,"2,87","0,62",99,"5,67","0,59",14,,,,,"0,27",8,"0,31",6,"0,29",7,"-0,01",53,"0,12",98,,10,2,39,"3,19","0,45",24,"8,86",17,"0,25",13,"0,27",7,"0,26",12,"-0,07",77,"0,07",95,"0,13","0,51",55,"16,07",14
OLHOS D'AGUA SPARTACUS 5G 8279 GREGO,108009,2014,,,3/8,,P,PS,73,K,9,109,"0,91","0,59",87,"5,01","0,58",17,"1,58","0,25",7,3,"0,18",19,"0,29",7,"0,21",18,"0,02",41,"-0,01",60,,16,6,29,"6,31","0,44",8,"11,32",12,"0,25",13,"0,33",4,"0,30",8,"0,06",31,"0,00",77,"-0,52","0,45",92,"15,87",14
TRES CRUCES HOUSTON 8206 MALANBO,IA133557,2010,,,3/4,,V,E,,K,4,35,"0,20","0,24",57,"7,91","0,41",7,,,,,"0,09",46,"0,28",8,"0,06",57,"0,11",16,"-0,10",13,,11,4,29,"5,26","0,28",12,"13,17",8,"0,12",39,"0,30",6,"0,09",50,"0,13",14,"-0,10",13,"0,19","0,34",50,"15,67",14
PAIPASSO E21/17 E21,141874,2017,,,3/8,,P,PS,20882,,1,28,"-0,49","0,52",19,"5,23","0,50",16,,,,,"0,15",26,"0,06",60,"0,12",37,"-0,03",61,"-0,11",12,,17,1,22,"4,26","0,38",17,"9,49",15,"0,18",25,"0,10",45,"0,21",20,"0,02",43,"-0,07",22,"0,87","0,44",12,"15,61",14
SULTANA JACQUES 1204 SUNDANCE T/E MONET,155521,2015,,,3/8,,P,PS,312,,6,38,"0,66","0,43",80,"5,03","0,51",17,,,,,"0,16",23,"0,34",4,"0,29",7,"-0,03",61,"-0,01",61,,17,4,12,"6,44","0,33",7,"11,47",12,"0,17",26,"0,31",5,"0,28",9,"-0,02",58,"-0,03",51,"-0,16","0,32",76,"15,39",14
GAP R259/16 SAMURAI,126170,2016,,,3/8,,P,PS,23388,K,6,103,"0,20","0,48",57,"5,07","0,63",17,,,,,"0,14",29,"0,09",51,"0,04",63,"0,12",14,"-0,05",32,,18,6,60,"6,89","0,44",6,"11,96",10,"0,10",46,"0,02",69,"0,02",70,"0,07",26,"-0,04",37,"0,23","0,53",46,"15,37",15
ANAMELIA TE L545,41923,2005,,,3/8,,P,PS,23805,,6,44,"-0,16","0,56",36,"4,77","0,56",19,"-0,06","0,13",40,21,"0,16",25,"0,06",60,"0,02",70,"0,13",13,"-0,07",20,,19,5,32,"7,56","0,41",4,"12,33",10,"0,19",20,"0,07",54,"0,05",59,"0,18",8,"-0,06",32,"-0,71","0,45",97,"15,34",15
UMBU 5268 COLORADO,131068,2016,,,3/8,,V,PS,99,R,2,25,"0,41","0,44",69,"3,33","0,40",27,"-0,00","0,07",39,8,"0,28",6,"0,28",8,"0,11",43,"0,16",9,"0,01",73,,16,2,20,"1,53","0,25",37,"4,86",31,"0,26",11,"0,25",11,"0,10",45,"0,10",20,"0,00",77,"1,30","0,36",4,"15,33",15
TRADIÇÃO MT PROFETA 3G 3257,137620,2017,,,3/8,,P,PS,23242,,1,34,"1,09","0,51",91,"6,89","0,48",10,,,,,"0,20",16,"0,27",9,"0,25",11,"0,05",32,"-0,18",1,,9,1,24,"3,36","0,34",22,"10,25",13,"0,21",18,"0,28",7,"0,24",15,"0,09",22,"-0,14",5,"-0,06","0,30",69,"15,23",15
LAS LILAS 7425-P SULTAN PATRICIO G5,IA144508,2015,,,3/8,,P,E,,,5,48,"1,21","0,38",93,"5,59","0,42",14,,,,,"0,22",13,"0,27",9,"0,20",19,"0,19",6,"0,01",78,,12,4,26,"4,05","0,26",18,"9,64",15,"0,27",11,"0,27",8,"0,25",15,"0,22",5,"-0,04",45,"-0,49","0,26",91,"15,02",15
TRADIÇÃO MT PROFETA 3G 2724,137437,2016,,,3/8,,P,PS,23242,,1,78,"-0,20","0,63",32,"6,42","0,60",11,"-0,24","0,17",65,7,"0,12",38,"0,21",18,"0,24",13,"-0,06",73,"-0,01",64,,14,1,36,"5,62","0,41",11,"12,05",10,"0,13",36,"0,23",12,"0,22",19,"-0,06",73,"0,00",77,"-0,01","0,35",65,"14,81",16
SULTANA FRANCESCO 1520 YAS TE SOBERBO,IA143386,2016,,,3/8,,P,E,312,K,9,339,"0,67","0,74",80,"2,44","0,76",35,,,,,"0,21",15,"0,31",6,"0,30",6,"-0,04",68,"-0,06",26,,26,6,167,"6,01","0,59",9,"8,45",19,"0,28",10,"0,33",4,"0,36",5,"-0,07",77,"-0,07",26,"-0,17","0,67",76,"14,79",16
GUAPIARA BE1474 FIV,116083,2015,,,3/8,,P,PS,22449,,2,156,"-0,60","0,53",15,"1,65","0,52",42,"1,52","0,11",8,2,"0,10",42,"-0,16",98,"0,04",63,"0,05",31,"-0,02",57,,41,2,57,"9,78","0,40",2,"11,43",12,"0,19",21,"-0,08",92,"0,14",33,"0,10",20,"-0,04",43,"-0,42","0,33",89,"14,57",17
CORRALERO N1 CLASSIC TSUMANI T/E MAHUIDA,IA136802,2013,,,3/8,,P,E,312,,18,470,"0,11","0,78",52,"7,64","0,80",8,"-0,47","0,24",70,35,"0,28",7,"0,03",71,"0,10",47,"0,19",6,"-0,11",11,,5,17,346,"0,54","0,68",47,"8,18",20,"0,14",33,"-0,03",83,"0,01",71,"0,16",10,"-0,08",18,"0,54","0,73",26,"14,49",17
LUQUENSE 013 HEREDERO 2676,IA141937,2014,,,3/8,,V,E,,,3,25,"0,06","0,36",48,"6,41","0,41",11,"0,30","0,00",29,3,"0,18",18,"0,24",13,"0,22",16,"0,00",49,"-0,10",12,,12,3,21,"2,15","0,26",31,"8,56",18,"0,19",20,"0,19",18,"0,18",24,"-0,03",61,"-0,07",24,"0,59","0,25",22,"14,44",17
GUAPIARA BR3538 TE,105906,2014,,,3/8,,P,PS,23805,,5,24,"-0,47","0,33",20,"0,84","0,44",50,,,,,"0,18",19,"0,12",41,"0,20",19,"0,06",27,"0,04",90,,38,2,4,"6,91","0,25",6,"7,75",21,"0,22",16,"0,14",33,"0,25",14,"0,08",25,"0,04",90,"0,43","0,23",32,"14,42",17
GUAPIARA BE2214 FIV PROTHEUS,137847,2017,,,3/8,,P,PS,23805,M,6,146,"0,90","0,62",87,"4,93","0,64",18,,,,,"0,28",7,"0,33",4,"0,23",14,"0,11",15,"-0,04",35,,12,5,107,"1,74","0,47",35,"6,67",24,"0,24",14,"0,25",10,"0,27",11,"0,07",27,"-0,04",38,"0,39","0,52",36,"14,40",17
ATLANTA OF SALACOA 488Z 2012 3/8 P E,23805,,,,,,,,,,4,22,"-0,49","0,36",19,"3,14","0,38",29,"-0,23","0,03",64,4,"0,07",52,"-0,04",86,"-0,01",79,"0,01",45,"-0,09",14,,34,3,16,"6,83","0,27",6,"9,98",14,"0,12",37,"0,00",76,"0,01",72,"0,03",40,"-0,11",10,"0,71","0,34",17,"13,84",18
BRANGUS BRASIL N53 DO MANANCIAL,259569,2012,,,3/8,,O,PS,7594,,2,148,"0,07","0,52",49,"7,51","0,66",8,"0,88","0,03",15,6,"-0,10",94,"0,05",65,"-0,01",79,"0,09",20,"-0,00",68,,24,2,120,"10,58","0,46",1,"18,09",3,"-0,06",89,"0,16",28,"0,00",74,"0,16",11,"-0,04",46,"-0,46","0,45",91,"13,66",18
OLHOS D'AGUA SPARTACUS 6G 7857,92717,2012,,,3/8,,P,PS,73,,1,116,"-0,20","0,69",32,"9,21","0,65",4,"-1,35","0,32",86,116,"-0,08",92,"-0,05",88,"0,00",76,"0,15",9,"-0,11",11,,15,1,10,"6,26","0,41",8,"15,47",5,"-0,03",81,"-0,03",83,"0,04",62,"0,20",6,"-0,08",17,"0,37","0,45",38,"13,25",19
MÃE RAINHA X-05 PACHA TERCO TE ''BABU'' BLACK JACK,158898,2019,,,3/8,,P,PS,19361,R,4,25,"1,04","0,19",90,"4,62","0,42",19,,,,,"0,35",3,"0,27",10,"0,27",8,"0,00",47,"-0,00",68,,9,2,14,"-0,28","0,28",57,"4,34",34,"0,35",4,"0,23",12,"0,28",10,"0,01",45,"-0,01",70,"-0,33","0,27",85,"13,05",19
PAIPASSO B41/14 TE PEDROSO,109349,2014,,,3/8,,V,PS,20882,,1,31,"0,24","0,54",59,"5,28","0,53",16,"-0,68","0,21",75,18,"0,33",3,"0,44",2,"0,42",2,"0,13",13,"-0,11",10,,8,1,30,"-1,40","0,43",71,"3,87",36,"0,32",6,"0,37",2,"0,39",3,"0,12",17,"-0,17",2,"0,25","0,49",45,"12,98",19
RANCHO 1154 T/E,IA133211,2011,,,3/8,,V,E,,,5,83,"0,49","0,64",73,"3,51","0,61",26,"0,03","0,00",37,5,"0,25",10,"0,26",11,"0,24",12,"0,09",20,"-0,17",2,,18,4,38,"3,14","0,37",24,"6,65",24,"0,24",14,"0,24",11,"0,22",18,"0,06",31,"-0,14",5,"-0,02","0,35",67,"12,97",19
CIA.AZUL 7020,140936,2017,,,3/8,,P,PS,8538,,3,28,"1,52","0,47",97,"4,53","0,50",20,,,,,"0,13",31,"0,11",45,"0,16",27,"0,12",14,"0,07",95,,22,3,21,"3,86","0,39",18,"8,39",19,"0,24",13,"0,17",23,"0,24",15,"0,20",7,"0,05",93,"-0,19","0,37",77,"12,51",21
MC TOP GUN 111Y15 2011 3/8 P E,23805,,,,,,,,,,2,28,"-0,65","0,17",13,"2,77","0,34",32,,,,,"0,12",36,"0,30",6,"0,33",6,"0,14",11,"0,06",94,,32,1,19,"5,50","0,22",11,"8,27",19,"0,14",34,"0,27",7,"0,38",3,"0,14",13,"0,03",87,"0,39","0,11",35,"12,20",22
BRANGUS BRASIL Q464 DO MANANCIAL,114163,2015,,,3/8,,V,PS,7594,,1,31,,,,"6,50","0,47",11,"-1,38","0,14",86,11,"0,12",36,"0,34",4,"0,16",26,"0,04",33,"-0,01",60,,14,1,18,"1,74","0,34",35,"8,24",19,"0,12",39,"0,28",7,"0,13",36,"0,04",38,"-0,02",60,"0,74","0,42",17,"12,17",22
ORIGENES ELEGIDO L3943,IA136152,2013,,,3/8,,P,E,,,7,80,"1,18","0,62",93,"0,23","0,61",56,"-0,70","0,13",75,12,"0,43",1,"0,28",8,"0,42",2,"-0,02",59,"0,05",92,,20,5,56,"-0,46","0,46",60,"-0,23",56,"0,44",1,"0,24",11,"0,42",2,"-0,02",61,"0,08",97,"-0,08","0,52",70,"11,91",22
PAIPASSO D03/16,127814,2016,,,3/8,,P,PS,20882,,1,50,"0,39","0,47",66,"4,26","0,58",22,"1,73","0,31",6,6,"0,16",24,"0,22",16,"0,23",14,"0,10",18,"-0,10",12,,20,1,45,"1,61","0,50",36,"5,88",28,"0,18",25,"0,19",18,"0,26",13,"0,13",15,"-0,06",27,"0,83","0,49",13,"11,66",23
"BRANGUS GUARITA 4G 144TE ""TORPEDO"" TORPEDO",114766,2016,,,3/8,,V,PS,20983,K,11,458,"0,32","0,81",64,"3,57","0,80",25,"0,37","0,27",26,53,"0,27",8,"0,21",18,"0,28",8,"0,18",7,"0,02",80,,16,10,248,"0,57","0,65",46,"4,13",35,"0,25",13,"0,08",53,"0,25",15,"0,14",13,"-0,06",30,"0,34","0,63",41,"11,60",23
LACONQUISTA 68 T/E,IA143425,2015,,,3/8,,P,E,,T,5,20,"0,09","0,27",50,"2,66","0,39",33,"-0,43","0,10",69,5,"0,09",47,"0,24",12,"0,12",37,"0,03",36,"-0,14",4,,36,4,9,"5,26","0,26",12,"7,92",20,"0,14",32,"0,25",10,"0,16",29,"0,06",32,"-0,10",11,"0,43","0,25",33,"11,45",23
POZO 4486 RELEVANTE,IA128965,2010,,,3/8,,P,E,,,3,35,"0,89","0,48",86,"3,36","0,54",27,"0,68","0,19",18,4,"0,17",21,"0,18",25,"0,27",9,"-0,07",76,"-0,04",40,,24,3,18,"3,21","0,41",24,"6,57",25,"0,16",28,"0,13",35,"0,22",18,"-0,06",75,"-0,06",28,"0,28","0,45",43,"11,21",24
GAP NINJA F825 NINJA,70849,2009,,,3/8,,P,PS,23388,Y,16,140,"-0,48","0,60",20,"3,97","0,70",23,"-0,22","0,21",63,75,"0,21",15,"0,16",31,"0,15",29,"0,07",25,"-0,06",29,,18,14,101,"2,65","0,55",27,"6,62",25,"0,15",30,"0,11",42,"0,09",47,"-0,03",63,"-0,04",41,"0,07","0,63",61,"11,19",24
STA CRUZ 3475 ALI 803G TE,34494,2003,,,3/8,,P,PS,312,,8,85,"-0,27","0,57",28,"3,39","0,64",27,"-3,05","0,30",97,111,"0,08",51,"-0,16",97,"-0,05",87,"0,05",29,"-0,07",19,,32,6,46,"3,67","0,49",19,"7,06",24,"0,11",40,"-0,15",97,"-0,03",83,"0,07",28,"-0,10",11,"0,99","0,57",9,"11,08",24
JUQUIRY BLACK TE6556 ARANDU TE6521 CH,117520,2016,,,3/8,,P,PS,18553,,3,49,"0,54","0,54",75,"4,52","0,56",20,,,,,"0,11",41,"0,24",12,"0,15",28,"0,04",35,"-0,05",29,,23,3,36,"1,43","0,42",38,"5,95",28,"0,13",37,"0,29",6,"0,22",17,"0,04",37,"-0,06",30,"1,24","0,39",5,"11,00",24
RANCHO BRG 1193 TE 2011 3/8 P E,23805,,,,,,,,,,9,80,"-1,21","0,64",3,"2,12","0,62",38,"-0,70","0,16",75,47,"0,26",9,"0,21",17,"0,28",8,"-0,09",80,"0,03",87,,24,8,60,"-0,63","0,48",62,"1,49",48,"0,27",11,"0,19",20,"0,23",17,"-0,13",90,"0,00",75,"1,18","0,56",6,"10,97",25
EBANO 4045 GLADIADOR TE GLADIADOR,IA112876,2001,,,3/8,,P,E,,,8,134,"0,18","0,64",56,"2,75","0,73",32,"3,17","0,43",2,268,"0,13",34,"0,16",29,"0,21",18,"0,02",40,"-0,09",15,,31,7,58,"4,58","0,61",15,"7,33",23,"0,22",16,"0,18",23,"0,27",11,"0,05",34,"-0,09",14,"-0,26","0,64",81,"10,91",25
RANCHO 1924 T/E,IA136814,2013,,,3/8,,P,E,,,7,99,"1,03","0,67",90,"4,63","0,65",19,"0,07","0,24",36,8,"0,23",12,"0,23",14,"0,28",8,"-0,09",82,"-0,00",65,,15,5,73,"-1,27","0,52",69,"3,36",38,"0,23",15,"0,20",17,"0,29",8,"-0,09",81,"-0,02",60,"0,85","0,56",13,"10,83",25
FSM PIMENTON 4G 576 PRECIOSO PRECIOSO,150011,2019,,,3/8,,V,PS,20362,K,4,69,"0,02","0,58",46,"-2,79","0,60",83,,,,,"0,34",3,"0,26",10,"0,29",7,"-0,14",93,"0,13",99,,47,3,31,"1,36","0,43",39,"-1,43",65,"0,32",5,"0,22",13,"0,26",13,"-0,13",89,"0,07",96,"1,09","0,47",7,"10,49",27
LC APOLO A344 LOTUS,94735,2013,,,3/8,,P,PS,4602,,1,31,"0,27","0,22",61,"4,23","0,42",22,"-0,27","0,13",65,4,"0,12",38,"0,11",44,"0,18",21,"-0,07",75,"0,01",78,,24,1,9,"2,78","0,27",26,"7,01",24,"0,15",31,"0,13",36,"0,22",19,"-0,00",52,"0,01",80,"0,29","0,32",43,"10,41",27
PRIMAVERA R183/14,112429,2014,,,3/8,,V,PS,2496,,3,37,"0,89","0,40",86,"2,61","0,48",34,"1,35","0,11",9,11,"0,17",22,"0,29",7,"0,21",17,"-0,12",89,"-0,09",15,,28,3,34,"1,97","0,38",32,"4,58",32,"0,16",30,"0,23",12,"0,20",22,"-0,12",88,"-0,10",10,"0,86","0,48",12,"10,33",27
JUQUIRY TE 6072 CURUPAY,95173,2013,,,3/8,,P,PS,18553,,2,99,"0,39","0,54",66,"7,46","0,66",9,"-0,10","0,27",42,73,"0,04",61,"0,12",43,"0,06",59,"0,02",41,"-0,02",54,,15,3,74,"2,08","0,50",31,"9,53",15,"0,01",71,"0,14",34,"0,07",55,"0,03",39,"-0,03",52,"0,67","0,47",19,"10,30",27
BASCO LOTUS 5001,120845,2015,,,3/8,,P,PS,4074,,1,31,,,,"2,70","0,45",33,,,,,"0,13",31,"0,08",52,"0,11",41,"0,05",31,"-0,09",16,,31,1,18,"3,45","0,33",22,"6,16",27,"0,18",24,"0,12",37,"0,16",30,"0,09",23,"-0,08",20,"0,20","0,33",48,"10,18",27
WAT LEAD GUN 33P6,IA9692850,2004,,,3/8,,P,E,,,5,139,"-0,08","0,65",40,"4,61","0,72",20,"0,47","0,35",24,266,"0,04",60,"0,03",72,"-0,00",78,"0,08",21,"-0,00",68,,28,5,114,"1,78","0,60",35,"6,38",26,"0,09",46,"0,01",73,"0,01",74,"0,17",9,"-0,01",64,"1,28","0,66",5,"9,94",28
TRADIÇÃO MT BONUS 3G 3522,144304,2018,,,3/8,,P,PS,23242,,1,31,"0,16","0,51",55,"9,12","0,48",4,"-1,23","0,11",84,2,"-0,15",98,"0,00",78,"-0,11",96,"0,11",16,"-0,19",1,,20,1,15,"5,35","0,31",12,"14,46",6,"-0,10",93,"0,06",59,"-0,10",95,"0,18",8,"-0,17",3,"0,44","0,22",32,"9,91",28
"OLHOS D'AGUA 5G 8049 ""DOC.ELE""",108000,2014,,,3/8,,P,PS,73,,1,21,"-0,47","0,43",20,"2,48","0,40",35,,,,,"0,18",18,"-0,00",79,"0,13",35,"0,20",5,"-0,13",5,,28,1,21,"1,33","0,30",39,"3,81",36,"0,21",18,"-0,02",81,"0,10",45,"0,25",4,"-0,13",6,"0,60","0,32",22,"9,83",28
CORRALERO 8435 CURUPAY F-10C LONQUIMAY,IA123762,2009,,,3/8,,P,E,312,T,15,184,"1,04","0,70",90,"4,31","0,72",22,"0,15","0,18",33,158,"0,18",17,"0,35",3,"0,31",6,"-0,10",83,"0,01",77,,19,13,148,"1,05","0,59",42,"5,36",29,"0,20",19,"0,31",5,"0,31",7,"-0,04",66,"0,03",89,"0,01","0,66",64,"9,79",28
ANAMÉLIA M411 CASTUS,134174,2018,,,3/8,,P,PS,23805,,13,217,"0,67","0,72",80,"1,68","0,74",41,,,,,"0,38",2,"0,22",16,"0,39",3,"-0,05",68,"0,02",82,,17,10,114,"-0,39","0,56",59,"1,30",49,"0,37",3,"0,19",20,"0,38",4,"-0,02",58,"-0,06",30,"-0,72","0,64",97,"9,75",28
OLHOS D'AGUA TANQUE 4G 8161,100745,2013,,,3/8,,V,PS,73,,1,26,"0,16","0,47",55,"2,83","0,45",31,,,,,"0,23",12,"0,11",44,"0,25",10,"0,32",2,"-0,05",31,,22,1,21,"2,02","0,34",32,"4,85",31,"0,20",19,"0,04",65,"0,21",20,"0,28",3,"-0,05",35,"-0,22","0,31",79,"9,75",28
OLHOS D'AGUA 6G 7020 LOTUS LOTUS,59734,2009,,,3/8,,P,PS,73,K,48,2369,"-0,34","0,88",25,"4,26","0,88",22,"-2,13","0,68",92,1675,"0,04",62,"0,15",34,"0,02",70,"-0,01",55,"-0,09",15,,30,39,1166,"3,04","0,80",25,"7,30",23,"0,12",40,"0,18",21,"0,09",48,"0,07",28,"-0,07",23,"0,54","0,84",26,"9,47",29
CACTUS 1897 BEST SELLER MILONGA,IA141706,2013,,,3/8,,V,E,16982,K,25,463,"1,58","0,81",98,"-1,55","0,80",72,"-3,75","0,33",99,113,"0,45",1,"0,57",1,"0,60",1,"-0,11",88,"-0,02",55,,27,19,308,"-1,37","0,68",70,"-2,92",75,"0,46",1,"0,47",1,"0,61",1,"-0,13",90,"-0,04",40,"-0,30","0,75",84,"9,18",30
OLHOS D'AGUA CHIMANGO 4G 7954,92738,2012,,,3/8,,P,PS,73,,1,48,"0,48","0,59",72,"3,82","0,55",24,"-0,26","0,14",65,29,"0,10",42,"0,11",43,"0,01",73,"0,19",6,"-0,10",13,,27,1,4,"2,35","0,28",30,"6,17",27,"0,10",43,"0,10",44,"-0,01",78,"0,18",8,"-0,08",21,"0,53","0,25",26,"9,17",30
BRANGUS JT 1610,116683,2015,,,3/8,,P,PS,23805,,1,20,"-0,45","0,44",21,"4,84","0,42",18,"0,05","0,14",37,1,"0,11",39,"0,21",18,"0,16",26,"-0,20",97,"-0,05",30,,21,1,14,"2,39","0,33",29,"7,24",23,"0,11",42,"0,23",12,"0,22",17,"-0,20",97,"-0,05",32,"-0,01","0,41",65,"9,11",30
TRADIÇÃO MT PROFETA LT 3G 4956,174999,2020,,,3/8,,P,PS,23242,,1,20,"0,48","0,48",72,"7,28","0,46",9,,,,,"-0,06",87,"0,01",76,"0,07",56,"0,09",19,"-0,15",3,,22,1,9,"5,61","0,32",11,"12,89",9,"-0,05",85,"0,07",55,"0,08",52,"0,14",13,"-0,14",5,"-0,29","0,33",83,"9,05",30
CIA.AZUL TE8250,146166,2018,,,3/8,,P,PS,8538,,1,44,"-1,60","0,54",2,"3,24","0,52",28,,,,,"0,20",16,"0,20",19,"0,19",21,"0,17",8,"-0,18",2,,23,1,36,"3,16","0,41",24,"6,39",26,"0,17",27,"0,21",15,"0,17",28,"0,12",16,"-0,16",3,"-0,81","0,36",98,"8,81",31
POLI JATOBA 1164,67720,2010,,,3/8,,P,PS,14867,,5,105,"0,15","0,58",55,"5,15","0,66",17,"0,76","0,21",17,47,"0,24",11,"0,14",35,"0,11",42,"0,14",11,"-0,13",7,,13,4,59,"-0,99","0,48",66,"4,17",34,"0,21",17,"-0,00",77,"0,04",64,"0,18",7,"-0,11",8,"-0,25","0,53",81,"8,80",31
GUAPIARA BR1359 FLORIM,53188,2008,,,3/8,,P,PS,23805,N,8,73,"0,21","0,46",58,"-0,89","0,59",66,"1,31","0,09",10,33,"0,14",30,"0,18",24,"0,13",33,"0,02",40,"-0,11",10,,56,7,60,"4,81","0,44",14,"3,92",35,"0,16",29,"0,20",17,"0,21",20,"0,06",30,"-0,11",9,"0,39","0,54",36,"8,47",32
LAS LILAS 3155-Y DRAG.OROZ.G5,IA125199,2008,,,3/8,,P,E,,,13,82,"0,53","0,57",75,"0,73","0,61",51,"0,29","0,11",29,46,"0,03",63,"0,00",78,"-0,06",89,"0,05",29,"0,02",81,,55,9,69,"6,46","0,46",7,"7,19",23,"0,02",68,"0,07",57,"-0,02",80,"0,05",36,"-0,00",74,"0,50","0,57",28,"8,30",32
BRAWIR A89 PROFETA FIV,115552,2016,,,3/8,,P,PS,19199,,1,158,"0,01","0,66",45,"2,55","0,66",34,"0,99","0,25",14,15,"0,15",26,"-0,01",80,"0,29",7,"-0,02",58,"-0,14",4,,30,1,112,"1,21","0,53",40,"3,76",36,"0,15",30,"0,07",55,"0,28",9,"-0,05",70,"-0,06",31,"0,45","0,60",31,"8,07",33
ALIANÇA EDE WH768,92304,2012,,,3/8,,V,PS,16258,,1,21,"0,64","0,32",79,"4,24","0,40",22,"-1,01","0,05",81,2,"0,00",73,"-0,11",95,"0,04",63,"-0,02",57,"-0,05",31,,34,1,19,"4,94","0,28",13,"9,18",16,"0,01",73,"-0,08",91,"0,09",50,"0,04",37,"-0,04",38,"-0,03","0,15",68,"7,88",33
JUQUIRY TE 6066 CURANDERO BLACK,105244,2013,,,3/8,,P,PS,18553,,2,39,"-0,64","0,45",14,"3,71","0,53",25,"0,15","0,12",33,7,"0,12",36,"0,20",20,"0,14",33,"-0,03",63,"-0,04",37,,26,1,32,"0,97","0,38",42,"4,68",32,"0,09",47,"0,21",16,"0,13",35,"-0,02",57,"-0,06",30,"0,64","0,33",20,"7,81",34
BRANGUS BRASIL R33 DO MANANCIAL,132763,2016,,,3/8,,V,PS,7594,,1,34,,,,"3,28","0,53",28,"-2,66","0,16",95,13,"0,12",35,"0,24",13,"0,17",24,"0,08",24,"0,02",83,,29,1,28,"-1,01","0,40",67,"2,27",44,"0,12",38,"0,17",25,"0,12",38,"0,12",17,"0,01",83,"1,29","0,44",4,"7,27",36
OLHOS D'AGUA 38A 4445 TUTOR,29090,2001,,,3/8,,P,PS,73,,4,25,"-0,49","0,53",19,"4,33","0,51",21,"-2,48","0,26",95,69,"0,12",37,"-0,11",95,"0,25",11,"0,09",20,"-0,12",9,,23,3,21,"1,10","0,39",41,"5,43",29,"0,15",31,"-0,15",97,"0,28",9,"0,15",11,"-0,14",5,"-0,23","0,42",80,"7,26",36
BRANGUS BRASIL R96 DO MANANCIAL,132854,2016,,,3/8,,V,PS,7594,,1,209,"-0,80","0,40",9,"2,74","0,73",32,"-3,15","0,27",98,53,"0,16",24,"0,22",15,"0,17",25,"-0,10",83,"-0,03",47,,28,1,158,"-2,53","0,58",83,"0,20",54,"0,08",50,"0,11",42,"0,04",64,"-0,11",85,"-0,01",67,"2,18","0,61",1,"7,25",36
FSM HEMINGWAY DAKOTA 4G 497,135424,2018,,,3/8,,V,PS,20362,P,4,24,"0,40","0,43",67,"0,21","0,46",56,,,,,"0,14",29,"0,40",2,"0,30",6,"-0,30",99,"0,04",89,,47,3,8,"3,19","0,31",24,"3,40",37,"0,12",39,"0,37",3,"0,30",7,"-0,30",99,"0,01",82,"0,45","0,33",30,"7,25",36
CORRALERO 15273 TURBO LUCILA T/E TURBO,IA144712,2018,,,3/8,,P,E,312,,5,86,"-0,03","0,52",43,"1,88","0,60",40,,,,,"0,09",44,"0,16",30,"0,13",33,"-0,06",72,"-0,01",59,,41,3,49,"3,56","0,40",21,"5,45",29,"0,13",34,"0,14",34,"0,11",41,"-0,01",52,"0,03",88,"-0,19","0,39",77,"7,15",36
RANCHO TSUNAMI 114,IA113629,2004,,,3/8,,P,E,,,2,34,,,,"-2,35","0,54",80,"0,49","0,14",22,86,"0,10",42,"0,08",54,"0,17",25,"0,07",24,"-0,07",23,,70,2,21,"4,88","0,39",14,"2,53",42,"0,14",33,"0,08",50,"0,21",19,"-0,01",52,"-0,08",20,"0,76","0,40",16,"7,14",36
CCR PATHFINDER 4891S 2006 3/8 P E,23805,,,,,,,,,,2,92,"0,08","0,59",49,"1,60","0,56",42,"-0,34","0,15",67,30,"0,12",35,"0,03",69,"0,12",37,"0,04",34,"-0,02",55,,39,2,41,"0,26","0,40",52,"1,85",47,"0,17",28,"0,07",56,"0,10",44,"-0,00",52,"-0,04",44,"1,01","0,49",8,"7,07",37
ANAMÉLIA FIV 195K,128117,2016,,,3/8,,P,PS,23805,,1,95,"-0,72","0,60",11,"1,76","0,57",41,,,,,"0,11",39,"-0,18",99,"0,17",25,"-0,02",59,"-0,05",29,,39,1,59,"3,62","0,45",20,"5,38",29,"0,13",35,"-0,11",95,"0,20",21,"-0,02",57,"-0,07",22,"-0,35","0,50",86,"7,05",37
OLHOS D'AGUA SPARTACUS 6G 7736,92708,2012,,,3/8,,P,PS,73,,1,80,"0,26","0,66",61,"4,30","0,62",22,"0,19","0,23",32,43,"-0,01",76,"0,11",45,"0,03",66,"0,11",16,"-0,14",4,,35,1,8,"3,36","0,38",22,"7,66",22,"0,02",71,"0,09",48,"0,05",60,"0,12",16,"-0,13",6,"0,36","0,36",39,"7,03",37
UMBU 5044,115156,2015,,,3/8,,P,PS,99,,4,65,"1,18","0,61",92,"-0,74","0,59",65,"2,46","0,16",3,5,"0,09",46,"0,10",47,"0,05",60,"-0,08",79,"-0,02",57,,60,4,45,"5,68","0,45",11,"4,94",31,"0,15",31,"0,12",37,"0,11",42,"-0,08",80,"-0,03",50,"-0,25","0,51",81,"7,03",37
OLHOS D'AGUA CIRIACO 5G 7860,92719,2012,,,3/8,,V,PS,73,,4,71,"1,29","0,65",95,"3,10","0,62",30,"1,15","0,20",12,10,"0,18",19,"0,27",10,"0,21",17,"-0,06",71,"-0,08",16,,25,3,51,"0,02","0,49",54,"3,12",39,"0,12",37,"0,22",14,"0,17",28,"-0,13",90,"-0,10",12,"0,36","0,47",39,"6,98",37
J.M.T 460Y TE,81958,2011,,,3/8,,P,PS,15813,,2,25,"0,90","0,47",87,"-1,14","0,45",68,"-2,00","0,12",92,12,"0,08",49,"0,11",46,"0,10",45,"0,09",20,"-0,05",30,,64,2,21,"4,25","0,33",17,"3,11",39,"0,09",48,"0,10",46,"0,10",45,"0,10",20,"-0,06",30,"0,98","0,45",10,"6,90",37
TRADIÇÃO MT BONUS 3G 3535,144312,2018,,,3/8,,P,PS,23242,,1,35,"0,63","0,52",78,"4,00","0,49",23,,,,,"0,06",56,"0,12",40,"0,09",50,"0,05",31,"-0,12",9,,30,1,22,"1,30","0,35",39,"5,30",30,"0,10",45,"0,11",42,"0,12",37,"0,12",15,"-0,11",9,"0,38","0,27",37,"6,87",37
RANCHO 1256 TE FRANCESCO,133187,2011,,,3/8,,P,E,312,X,40,664,"0,48","0,82",72,"1,31","0,83",46,"-2,26","0,42",94,294,"0,22",13,"0,13",40,"0,23",15,"-0,02",58,"-0,05",32,,31,35,460,"0,22","0,73",52,"1,53",48,"0,21",18,"0,17",23,"0,22",18,"-0,03",62,"-0,07",26,"0,05","0,79",62,"6,77",37
TRADIÇÃO MT NAVAJO 3G 3808,154587,2018,,,3/8,,P,PS,23242,,1,40,"1,39","0,55",96,"-1,33","0,51",70,,,,,"0,26",9,"0,16",30,"0,29",7,"0,08",21,"-0,03",43,,45,1,13,"1,98","0,30",32,"0,64",52,"0,25",12,"0,18",22,"0,27",11,"0,06",31,"-0,07",22,"-0,26","0,37",81,"6,73",37
BRANGUS BRASIL R204 DO MANANCIAL,279262,2016,,,3/4,BS,,CCG,7594,,2,27,,,,"5,37","0,37",16,"0,14","0,02",34,1,"0,09",46,"0,16",30,"0,01",72,"0,17",7,"-0,10",14,,20,2,18,"-0,22","0,22",56,"5,15",30,"0,05",59,"0,14",34,"0,02",68,"0,13",14,"-0,07",22,"0,55","0,09",26,"6,72",38
OLHOS D'AGUA 4G 8011TE PROFETA PROFETA,94530,2013,,,3/8,,P,PS,73,K,37,2389,"0,43","0,89",69,"-0,62","0,88",63,"0,27","0,57",29,747,"0,29",6,"0,26",10,"0,46",2,"-0,31",99,"-0,08",18,,37,31,1298,"0,47","0,79",48,"-0,15",56,"0,32",6,"0,32",4,"0,49",1,"-0,30",99,"-0,07",21,"-0,47","0,83",91,"6,71",38
BRANGUS BRASIL N47 DO MANANCIAL,90588,2012,,,3/8,,V,PS,7594,,2,138,"0,44","0,39",70,"5,29","0,68",16,"-1,47","0,28",87,92,"0,14",29,"0,18",24,"0,13",34,"0,16",8,"-0,03",41,,17,1,97,"-1,15","0,51",68,"4,14",34,"0,12",39,"0,13",34,"0,12",37,"0,12",16,"-0,03",47,"0,20","0,49",48,"6,69",38
BRANGUS BRASIL R250 DO MANANCIAL,279263,2016,,,3/8,,O,CCG,7594,,2,30,,,,"10,06","0,42",3,"-0,93","0,03",80,1,"0,06",55,"0,08",54,"0,00",76,"0,17",7,"-0,09",15,,7,2,30,"-0,25","0,31",57,"9,81",14,"0,06",57,"0,08",51,"-0,04",85,"0,16",10,"-0,09",14,"-1,20","0,30",99,"6,58",38
JUQUIRY BLACK TE6574 GLADIADOR 6339OSC,136645,2016,,,3/8,,P,PS,18553,,3,71,"0,03","0,58",47,"0,60","0,59",52,"1,20","0,14",11,3,"0,15",28,"0,24",12,"0,15",28,"-0,02",60,"-0,10",13,,43,3,46,"2,63","0,45",27,"3,24",38,"0,17",25,"0,24",11,"0,19",24,"-0,01",53,"-0,13",6,"-0,14","0,46",74,"6,54",39
SULTANA FRANCESCO 1508 AON -T/E,IA144475,2016,,,3/8,,P,E,,,5,201,"-0,11","0,71",38,"-3,33","0,70",86,"-0,84","0,14",78,2,"0,18",18,"0,06",61,"0,27",9,"-0,16",95,"0,08",96,,68,4,139,"3,58","0,56",20,"0,24",54,"0,21",18,"0,10",44,"0,31",7,"-0,16",94,"0,02",87,"0,50","0,61",28,"6,51",39
CORRALERO 777 YASTÁ 1614C CHALTEN,26218,1996,,,3/8,,P,PS,23805,A,12,265,"-0,62","0,74",14,"1,35","0,78",46,"2,92","0,49",2,404,"0,12",35,"0,12",40,"0,07",54,"0,03",36,"-0,10",12,,42,10,212,"1,92","0,68",33,"3,27",38,"0,15",31,"0,14",31,"0,09",47,"0,05",33,"-0,07",24,"0,08","0,71",60,"6,20",39
LOSNONOS 89 TABASCO,IA143026,2012,,,3/8,,V,E,,,13,195,"0,67","0,69",80,"-0,16","0,72",59,"-0,75","0,16",76,5,"0,39",2,"0,27",9,"0,39",3,"0,06",27,"0,04",89,,25,11,141,"-2,05","0,58",78,"-2,22",71,"0,29",9,"0,17",26,"0,33",6,"-0,02",59,"-0,01",65,"-0,23","0,64",79,"6,10",39
J.M.T PACHÁ 3423,153760,2001,,,3/8,,P,CCG,15813,,5,196,"0,33","0,74",64,"3,24","0,72",28,"-0,82","0,26",77,83,"0,05",59,"0,05",65,"0,02",71,"0,11",15,"-0,07",19,,36,5,106,"3,13","0,55",25,"6,37",26,"0,14",34,"0,08",50,"0,01",71,"0,13",14,"-0,07",26,"-0,71","0,58",97,"5,92",40
BRANGUS BRASIL R316 DO MANANCIAL,132777,2016,,,3/8,,V,PS,7594,,4,1113,"-0,27","0,71",28,"3,52","0,83",26,"-6,31","0,37",99,130,"0,16",25,"0,14",34,"0,20",19,"-0,07",75,"-0,01",59,,24,4,450,"-2,54","0,67",84,"0,98",50,"0,16",28,"0,14",33,"0,17",29,"-0,08",79,"-0,01",65,"0,82","0,69",14,"5,81",40
BRINKS SUNDANCE A487K TE 2000 3/8 P E,23805,,,,,,,T,,,5,64,"-0,07","0,55",40,"1,76","0,61",40,"0,44","0,27",24,83,"0,06",55,"-0,00",79,"-0,01",79,"-0,01",52,"-0,02",53,,45,3,47,"3,00","0,46",25,"4,76",32,"0,07",54,"-0,05",87,"-0,00",75,"-0,03",63,"0,01",84,"0,22","0,53",47,"5,78",40
J.M.T E097 MITO,124796,2017,,,3/8,,P,PS,15813,P,2,72,"-0,17","0,57",34,"3,39","0,59",27,"2,68","0,10",2,2,"0,06",54,"0,19",22,"0,17",23,"0,05",30,"0,03",86,,33,2,43,"1,36","0,42",38,"4,75",32,"0,05",59,"0,07",54,"0,13",36,"0,05",35,"-0,01",68,"0,38","0,45",37,"5,72",40
TRADIÇÃO MT PROFETA 3G 3449,144272,2018,,,3/8,,P,PS,23242,,1,47,"0,15","0,57",55,"3,32","0,53",27,,,,,"0,11",40,"0,21",17,"0,24",13,"-0,09",83,"-0,12",8,,29,1,27,"1,03","0,38",42,"4,35",34,"0,12",39,"0,25",10,"0,30",8,"-0,11",87,"-0,09",14,"-0,23","0,31",79,"5,63",41
SULTANA SUMAJ 566 COMODORO SULTAN,IA136046,2012,,,3/8,,P,E,23805,T,15,271,"1,15","0,73",92,"1,03","0,75",48,"-0,82","0,27",78,124,"0,15",27,"0,08",52,"0,10",46,"0,03",38,"-0,06",25,,40,11,162,"2,17","0,61",31,"3,20",39,"0,24",13,"0,10",43,"0,14",34,"0,10",20,"-0,08",20,"-0,93","0,66",99,"5,61",41
GUAPIARA BR1521 GUARANI,55523,2009,,,3/8,,P,PS,23805,P,22,332,"-0,74","0,75",10,"-1,36","0,77",70,"1,29","0,41",10,411,"0,04",62,"0,01",75,"0,06",56,"-0,08",80,"-0,00",67,,70,17,203,"4,40","0,64",15,"3,05",39,"0,04",62,"-0,05",86,"0,04",64,"-0,06",73,"-0,05",35,"0,95","0,72",10,"5,35",42
JUQUIRY BLACK 6990 PARCEIRO,127613,2018,,,3/8,,P,PS,23805,,4,48,"0,54","0,52",75,"-2,25","0,52",79,,,,,"0,28",7,"0,23",14,"0,24",12,"-0,00",50,"-0,02",57,,50,3,15,"0,35","0,34",50,"-1,90",68,"0,31",6,"0,27",8,"0,26",12,"0,00",49,"-0,06",30,"-0,21","0,28",78,"5,34",42
GALL JULIAN NATITO TE 76 ARANDÚ,IA136629,2012,,,3/8,,P,E,18484,T,21,649,"-0,22","0,77",31,"-0,31","0,83",60,"-3,70","0,40",99,218,"0,21",15,"0,25",11,"0,22",15,"-0,20",97,"-0,07",22,,44,19,506,"-2,27","0,72",81,"-2,59",73,"0,27",10,"0,32",4,"0,32",6,"-0,23",98,"-0,05",34,"0,95","0,77",10,"5,29",42
JUQUIRY BLACK TE6940 FRANC 8141YAS,146874,2018,,,3/8,,P,PS,18553,,4,72,"-0,07","0,62",41,"1,01","0,62",48,,,,,"0,10",43,"0,21",18,"0,17",24,"-0,05",69,"-0,07",22,,46,4,44,"2,59","0,48",28,"3,61",36,"0,14",32,"0,22",14,"0,21",20,"-0,02",59,"-0,08",17,"-0,26","0,47",82,"5,25",42
FSM 006 PANZER 4G TE PANZER,75325,2011,,,3/8,,V,PS,20362,,16,527,"1,00","0,82",89,"3,40","0,82",27,"2,39","0,49",3,385,"0,19",17,"0,18",26,"0,20",19,"0,20",5,"-0,00",66,,22,15,286,"-1,94","0,69",78,"1,46",48,"0,12",38,"0,08",50,"0,14",35,"0,16",10,"-0,02",59,"0,35","0,75",40,"5,24",42
CIA.AZUL 9016 TRONCO,157272,2019,,,3/8,,P,PS,8538,,1,29,"0,72","0,51",82,"-0,87","0,49",66,,,,,"0,23",12,"0,18",25,"0,10",47,"0,06",26,"-0,12",9,,45,1,23,"-0,06","0,38",55,"-0,93",62,"0,32",5,"0,26",9,"0,17",26,"0,10",18,"-0,12",8,"-0,35","0,39",86,"5,12",43
JUQUIRY 5792 DON CIRIACO,93157,2012,,,3/8,,V,PS,18553,,1,25,"0,68","0,32",80,"1,68","0,49",41,"-0,71","0,22",75,24,"0,16",24,"0,20",20,"0,16",26,"0,08",22,"0,04",90,,35,1,24,"0,67","0,40",45,"2,34",44,"0,16",29,"0,19",20,"0,17",27,"0,09",22,"0,02",86,"-0,22","0,36",79,"5,09",43
CORRALERO 1651 YASTA RELMUN,112688,2001,,,3/8,,P,PS,12688,,2,26,"-0,04","0,41",42,"1,39","0,47",45,"1,45","0,16",8,106,"0,14",29,"0,30",6,"0,21",18,"0,04",35,"-0,07",23,,39,2,22,"0,73","0,37",44,"2,12",45,"0,13",36,"0,25",11,"0,20",21,"-0,00",50,"-0,02",56,"0,16","0,39",52,"5,02",44
GAP RUSSO G1669/10 RUSSO,77460,2010,,,3/8,,V,PS,23388,P,8,39,"0,64","0,39",79,"-0,86","0,49",66,"0,92","0,05",15,11,"0,16",23,"0,12",40,"0,19",20,"-0,08",79,"-0,06",24,,53,5,21,"1,86","0,30",34,"1,01",50,"0,21",17,"0,23",13,"0,29",9,"-0,09",82,"-0,06",30,"-0,18","0,33",77,"5,01",44
BRANGUS BRASIL V93 DO MANANCIAL,173001,2020,,,3/8,,V,PS,7594,,1,22,,,,"-2,74","0,46",83,,,,,"0,20",16,"0,23",14,"0,16",26,"-0,04",67,"0,01",75,,61,,0,"0,86","0,26",43,"-1,87",68,"0,23",15,"0,22",14,"0,16",30,"-0,05",71,"-0,02",59,"0,48","0,32",29,"4,65",45
BRANGUS BRASIL Q490 DO MANANCIAL,114169,2015,,,3/8,,V,PS,7594,,1,24,,,,"2,28","0,43",37,"1,74","0,10",6,13,"0,02",67,"0,07",57,"0,05",62,"0,02",40,"0,02",81,,45,1,14,"1,36","0,29",39,"3,64",36,"0,07",53,"0,09",49,"0,05",59,"0,01",46,"0,02",84,"0,53","0,32",27,"4,60",45
LEONOR N1595 TOBA FEDERAL 1989 3/8 V E,25492,,,,,,,,,,4,162,"1,86","0,45",99,"6,41","0,60",11,"-0,76","0,26",76,62,"-0,04",84,"0,05",65,"0,05",61,"0,02",41,"-0,07",21,,25,3,101,"1,11","0,46",41,"7,52",22,"-0,04",84,"0,00",76,"0,04",63,"0,08",26,"-0,10",11,"0,14","0,33",54,"4,56",45
JUQUIRY 6326 ARAGANO,106262,2014,,,3/8,,V,PS,18553,R,8,44,"0,27","0,50",61,"-3,74","0,55",89,,,,,"0,25",10,"0,11",44,"0,24",12,"0,11",16,"0,02",79,,64,7,28,"1,38","0,42",38,"-2,36",71,"0,26",12,"0,10",45,"0,26",13,"0,10",20,"-0,01",70,"0,10","0,37",58,"4,50",45
JUQUIRY RED 6428 PICANTE,132432,2015,,,3/8,,V,PS,18553,,2,87,"0,71","0,61",81,"-1,03","0,61",67,"-0,59","0,11",73,8,"0,14",29,"0,17",27,"0,18",22,"0,05",32,"0,01",77,,56,2,64,"0,26","0,47",51,"-0,77",61,"0,16",29,"0,11",41,"0,14",35,"0,05",34,"0,03",89,"0,86","0,45",13,"4,34",46
TRADIÇÃO MT PROFETA 3G 3310,144193,2018,,,3/8,,P,PS,23242,,1,56,"-0,48","0,57",19,"2,99","0,54",30,"-0,14","0,14",44,1,"-0,06",86,"0,08",54,"0,10",47,"0,05",30,"-0,05",34,,49,1,23,"3,48","0,36",22,"6,47",25,"-0,01",77,"0,14",33,"0,11",42,"0,09",23,"-0,05",36,"0,09","0,25",59,"3,98",47
RINCON TE759 HEMINGWAY DEL SARANDY,154857,2017,,,3/8,,V,PS,7287,,1,31,"-0,02","0,52",44,"-2,75","0,49",83,"-2,29","0,13",94,5,"0,28",6,"0,35",3,"0,35",5,"-0,11",88,,,,53,1,17,"0,12","0,33",53,"-2,63",73,"0,30",7,"0,32",5,"0,38",4,"-0,11",87,"0,03",89,"-0,45","0,37",90,"3,97",47
TRADIÇÃO MT PROFETA 3G 3503,144296,2018,,,3/8,,P,PS,23242,,1,42,"0,41","0,56",69,"3,60","0,53",25,,,,,"-0,02",78,"-0,06",89,"0,09",49,"0,04",33,"-0,21",1,,41,1,20,"1,20","0,37",40,"4,80",31,"-0,02",80,"0,01",74,"0,08",53,"0,08",26,"-0,17",2,"0,67","0,28",19,"3,88",48
TRES CRUCES DON ERNESTO 4028 INDEPENDENCIA,IA113197,2002,,,3/8,,V,E,,,8,172,"0,82","0,67",85,"-0,87","0,71",66,"0,43","0,27",24,114,"0,14",30,"0,13",39,"0,07",53,"-0,14",92,"0,00",69,,56,8,92,"1,49","0,54",37,"0,63",52,"0,15",32,"0,17",24,"0,14",33,"-0,11",85,"-0,01",67,"0,11","0,55",56,"3,75",48
FSM HEMINGWAY YACARÉ 4G 513,135426,2018,,,3/8,,V,PS,20362,,1,96,"0,49","0,61",73,"-1,58","0,63",73,,,,,"0,22",13,"0,32",5,"0,29",7,"0,00",49,"-0,03",47,,50,1,8,"-0,16","0,29",55,"-1,75",67,"0,22",16,"0,25",10,"0,28",10,"-0,01",55,"-0,03",52,"0,07","0,30",61,"3,74",48
EL PORVENIR 7571 T/E Sorpresa,IA144633,2018,,,3/8,,V,E,312,,10,90,"0,94","0,40",88,"-2,73","0,58",83,,,,,"0,15",27,"0,18",24,"0,21",18,"-0,06",72,"0,13",99,,67,1,1,"1,42","0,22",38,"-1,31",64,"0,20",20,"0,18",21,"0,25",13,"-0,00",51,"0,11",99,"0,44","0,17",31,"3,70",48
LAS LILAS 855H LIBERTADOR CARDENAL G6,IA122947,2007,,,3/8,,V,E,,,4,59,"1,11","0,42",91,"-0,68","0,47",64,"-0,37","0,04",67,7,"0,26",9,"0,23",14,"0,16",26,"0,21",5,"0,01",73,,41,4,55,"-3,12","0,34",89,"-3,80",80,"0,18",24,"0,14",32,"0,11",42,"0,09",23,"-0,02",59,"1,05","0,33",8,"3,67",48
LAS LILAS 499-H COMBATIVO G4,IA122607,2007,,,3/8,,P,E,,,2,28,"1,48","0,46",97,"0,97","0,43",49,"1,18","0,09",11,4,"0,10",43,"-0,09",93,"0,00",75,"-0,04",67,"-0,06",26,,46,2,10,"1,48","0,27",37,"2,44",43,"0,15",30,"-0,10",94,"0,01",73,"-0,02",61,"-0,06",29,"-0,43","0,21",89,"3,63",49
GUASUNCHOS 3933 PICANTE,IA136295,2011,,,3/8,,V,E,,T,19,333,"0,62","0,74",78,"-1,29","0,78",69,"0,74","0,27",17,61,"0,13",31,"0,04",68,"0,14",31,"0,01",42,"0,07",94,,59,18,183,"0,35","0,64",50,"-0,94",62,"0,18",23,"-0,01",79,"0,11",43,"0,04",37,"0,01",81,"0,52","0,69",27,"3,62",49
RINCON TE2018 HULL DEL SARANDY,106825,2012,,,3/8,,V,PS,7287,,3,175,"0,34","0,66",65,"1,25","0,63",46,"-1,49","0,39",88,270,"0,13",31,"0,12",41,"0,09",48,"0,05",30,"-0,03",45,,41,2,147,"-0,62","0,51",62,"0,62",52,"0,12",39,"0,07",54,"0,07",55,"0,08",25,"-0,08",20,"0,20","0,58",48,"3,19",50
AML S251,96924,2013,,,3/8,,P,PS,2117,,3,26,,,,"1,53","0,43",43,"0,72","0,09",17,10,"0,14",29,"0,24",12,"0,12",37,"-0,04",66,"-0,07",22,,37,3,11,"0,39","0,26",49,"1,92",46,"0,13",35,"0,15",30,"0,13",36,"-0,03",63,"-0,07",24,"-0,52","0,26",92,"3,19",50
CORRALERO 9791 MAXIMO I-816 C 2011 3/8 P E,23805,,,,,,,,,,6,121,"1,01","0,60",89,"-1,57","0,65",72,"0,12","0,05",34,14,"0,00",73,"-0,01",80,"0,12",36,"-0,07",77,"-0,16",3,,74,5,85,"3,50","0,49",21,"1,93",46,"0,08",51,"0,04",65,"0,17",27,"0,01",45,"-0,17",2,"0,59","0,59",23,"3,15",50
JMT E317,140883,2017,,,3/8,,V,PS,15813,,1,22,"0,53","0,39",74,"2,61","0,45",34,"-0,83","0,03",78,2,"-0,04",81,"0,07",58,"0,00",76,,,"-0,12",8,,50,1,8,"2,60","0,26",27,"5,21",30,"-0,01",76,"0,07",56,"0,01",73,,,"-0,08",17,"0,14","0,34",54,"3,13",50
DEL INFANTE PANCHO TORQUE 869 T/E NANDO,IA7603,2017,,,3/8,,V,E,,,6,59,"0,96","0,59",88,"-1,36","0,57",70,"0,61","0,08",20,2,"0,27",8,"0,29",7,"0,27",9,"-0,15",93,"0,17",99,,44,5,47,"-0,26","0,43",57,"-1,61",66,"0,21",17,"0,21",15,"0,26",12,"-0,19",96,"0,08",97,"-0,51","0,49",92,"3,08",50
JUQUIRY RED 6454 K144,132430,2015,,,3/8,,V,PS,18553,,2,25,"0,03","0,44",46,"2,94","0,46",30,"-1,08","0,09",81,1,"0,05",58,"0,20",19,"0,12",38,"0,04",36,"0,01",76,,37,2,20,"0,54","0,34",47,"3,48",37,"0,02",68,"0,13",36,"0,09",47,"0,03",41,"0,01",81,"0,03","0,31",63,"2,79",51
BRANGUS BRASIL P94 DO MANANCIAL,104963,2014,,,3/8,,V,PS,7594,,1,56,,,,"3,80","0,56",24,"-0,56","0,19",72,17,"-0,03",80,"0,13",37,"0,05",60,"0,05",31,"-0,02",52,,41,1,43,"-0,45","0,43",60,"3,34",38,"-0,00",76,"0,09",48,"0,03",65,"0,06",30,"-0,01",66,"0,87","0,42",12,"2,72",51
GUARDIAN Y7993 REVELATION OSCAR TE 1992 3/8 P E,23805,,,,,,,,,,6,256,"-0,94","0,66",7,"-0,74","0,74",65,"4,20","0,46",1,274,"0,05",57,"0,01",76,"0,10",47,"0,13",12,"-0,13",6,,64,6,139,"3,78","0,62",19,"3,03",40,"0,04",63,"0,03",68,"0,11",41,"0,15",12,"-0,09",16,"-0,16","0,60",75,"2,69",51
J.M.T LANCEIRO 3915,33518,2002,,,3/8,,P,PS,15813,,2,105,"0,65","0,67",79,"-2,35","0,65",80,"-1,83","0,14",90,21,"0,06",54,"0,08",55,"0,02",70,"-0,01",56,"-0,09",16,,73,2,54,"5,20","0,45",12,"2,86",41,"0,06",56,"0,13",35,"-0,06",88,,,"-0,10",12,"-0,42","0,36",89,"2,67",51
PRIMAVERA K023,81551,2010,,,3/8,,P,PS,2496,,1,23,"-0,03","0,21",42,"3,26","0,41",28,"-0,52","0,08",71,1,"0,04",60,"0,14",36,"-0,09",95,"-0,02",59,"-0,07",23,,37,1,18,"0,37","0,29",49,"3,63",36,"0,04",63,"0,12",38,"-0,11",95,"-0,01",53,"-0,06",29,"-0,16","0,39",75,"2,56",52
ANAMÉLIA FIV M237,153431,2018,,,3/8,,P,PS,23805,,2,57,"0,45","0,60",70,"-2,45","0,57",81,,,,,"0,20",17,"-0,03",83,"0,15",29,"-0,10",85,"0,27",99,,60,1,19,"0,28","0,33",51,"-2,16",70,"0,20",19,"-0,03",82,"0,15",32,"-0,05",69,"0,28",99,"-0,00","0,32",65,"2,38",53
TRADIÇÃO MT PROFETA 3G 3382,144243,2018,,,3/8,,P,PS,23242,,1,44,"-0,23","0,55",30,"1,31","0,52",46,"-0,75","0,14",76,1,"0,09",46,"0,12",40,"0,15",27,"-0,18",96,"0,01",78,,44,1,19,"-1,51","0,35",73,"-0,20",56,"0,11",41,"0,12",37,"0,17",27,"-0,21",97,"0,06",94,"0,57","0,34",24,"2,27",53
CORRALERO 4561 LANIN 8018C,IA116836,2005,,,3/8,,P,E,,,9,118,"-0,38","0,59",23,"-0,72","0,69",65,"0,95","0,28",14,130,"0,17",22,"0,20",21,"0,23",13,"-0,07",75,"-0,10",13,,50,9,70,"-0,64","0,54",62,"-1,36",65,"0,20",19,"0,16",28,"0,27",11,"-0,04",66,"-0,10",13,"-0,18","0,62",76,"2,14",54
STA CRUZ J614 RAU. 3090 TE HULK HULK,105285,2014,,,3/8,,P,PS,15085,,3,46,"0,12","0,40",53,"1,51","0,47",43,"0,62","0,06",20,4,"0,16",23,"0,15",34,"0,15",31,"0,06",28,"0,03",84,,35,3,31,"-2,15","0,32",80,"-0,64",60,"0,18",24,"0,13",35,"0,17",28,"0,06",30,"-0,03",46,"-0,19","0,32",77,"2,14",54
SAN ALEJO,C3009,,,,,,,ZAMBO,23805,E,8,196,"-0,29","0,71",27,"1,57","0,75",42,"3,10","0,46",2,337,"0,22",13,"0,05",63,"0,14",32,"0,16",8,"0,05",91,,29,8,130,"-3,70","0,63",93,"-2,13",70,"0,16",28,"-0,00",78,"0,04",62,"0,15",11,"0,00",75,"0,17","0,68",52,"2,12",54
PRIMAVERA R356/14,112406,2014,,,3/8,,P,PS,2496,,1,39,"0,14","0,33",54,"-2,40","0,45",81,"0,36","0,06",26,5,"-0,07",90,"0,01",75,"-0,00",77,"-0,08",80,"0,02",80,,87,1,27,"4,75","0,31",14,"2,35",44,"-0,02",79,"0,07",56,"0,07",56,"-0,12",89,"-0,02",58,"1,00","0,40",9,"1,95",55
GAP M479/14,107595,2014,,,3/8,,P,PS,23388,,3,35,"-0,12","0,24",37,"1,84","0,40",40,"-1,17","0,09",83,1,"0,11",40,"-0,01",80,"0,02",71,"0,04",34,"-0,05",32,,39,2,28,"-1,13","0,29",67,"0,70",51,"0,06",58,"-0,03",83,"-0,03",84,"-0,02",58,"-0,04",40,"0,27","0,29",44,"1,93",55
ANAMELIA TE B059 MAXIMUS SPARTACUS,45600,2007,,,3/8,,P,PS,23805,P,34,599,"1,28","0,82",94,"-0,02","0,84",58,"1,13","0,57",12,632,"0,11",40,"0,14",34,"0,15",28,"0,00",48,"-0,05",34,,52,29,426,"0,30","0,75",51,"0,28",54,"0,15",31,"0,11",40,"0,20",21,"0,01",45,"-0,03",54,"-0,28","0,80",82,"1,82",56
CORRALERO 10271 CURUPAY BRILL TE ARAUCANO,IA136007,2011,,,3/8,,P,E,,,12,221,"1,38","0,69",96,"-0,33","0,73",60,"-0,23","0,32",64,79,"0,13",33,"0,28",8,"0,23",14,"-0,23",98,"-0,02",52,,52,12,169,"0,40","0,61",49,"0,08",55,"0,13",35,"0,27",8,"0,23",16,"-0,22",97,"-0,01",64,"-0,30","0,65",83,"1,71",56
QUILPO 3050 ACORAZADO,IA144598,2018,,,3/8,,V,E,,,3,30,"-0,72","0,38",11,"0,66","0,38",52,,,,,"0,09",44,"0,13",38,"0,06",59,"-0,12",89,"0,31",99,,49,2,4,"-0,59","0,14",61,"0,06",55,"0,08",49,"0,11",41,"0,06",57,"-0,11",85,"0,32",99,"0,25","0,08",45,"1,48",57
JUQUIRY 5612,83884,2011,,,3/8,,P,PS,77,,1,33,"-0,92","0,43",7,"-0,24","0,49",60,"0,83","0,11",16,13,"0,11",41,"0,07",57,"0,09",50,"-0,01",54,"-0,06",25,,54,1,33,"-0,62","0,37",62,"-0,86",61,"0,10",45,"0,11",43,"0,09",46,"0,03",41,"-0,07",23,"0,40","0,26",34,"1,36",57
"OLHOS D'AGUA 4G 8000 ""BONUS""",82169,2012,,,3/8,,P,PS,73,,1,38,"0,46","0,60",71,"1,07","0,56",47,"-1,06","0,24",81,55,"-0,03",79,"-0,04",85,"0,11",42,"-0,00",51,"-0,17",2,,59,1,7,"1,40","0,38",38,"2,47",43,"0,03",67,"0,01",75,"0,16",29,"0,07",29,"-0,15",4,"0,26","0,34",45,"1,23",57
OLHOS D'AGUA CIRIACO 5G 7574,87443,2011,,,3/8,,V,PS,73,,1,57,"-0,42","0,61",22,"-1,08","0,59",68,"0,65","0,18",18,25,"0,07",53,"0,12",43,"0,14",32,"-0,09",82,"0,17",99,,65,1,46,"0,73","0,46",44,"-0,35",58,"0,10",44,"0,11",42,"0,12",38,"-0,07",75,"0,15",99,"0,26","0,52",45,"1,12",58
OLHOS D'AGUA SPARTACUS 5G 7905,92729,2012,,,3/8,,P,PS,73,,1,31,"0,52","0,58",74,"1,37","0,54",45,"-0,80","0,21",77,39,"0,18",20,"0,14",37,"0,12",39,"0,02",39,"-0,08",19,,35,1,5,"-2,91","0,36",86,"-1,55",66,"0,18",25,"0,07",53,"0,13",37,"0,03",38,"-0,07",21,"-0,33","0,31",85,"0,96",58
BRANGUS BRASIL O232 MANANCIAL,96971,2013,,,3/8,,V,PS,7594,,2,129,"-0,06","0,40",41,"-3,39","0,68",87,"3,90","0,27",1,73,"0,14",30,"0,17",27,"0,10",46,"-0,07",76,"0,04",89,,72,2,113,"0,32","0,54",50,"-3,07",76,"0,16",30,"0,16",27,"0,14",34,"-0,05",72,"0,02",86,"0,38","0,54",37,"0,76",59
J.M.T 9011Y9TE NETTO,75897,2011,,,3/8,,P,PS,15813,Y,4,360,"-0,17","0,77",35,"1,10","0,76",47,"-0,82","0,32",78,145,"0,11",39,"0,09",49,"0,10",44,"0,01",43,"-0,00",66,,44,3,207,"-1,40","0,61",71,"-0,30",57,"0,17",26,"0,12",40,"0,12",39,"-0,05",70,"-0,03",53,"-0,56","0,70",94,"0,68",59
BRANGUS BRASIL M154 MANANCIAL,84818,2006,,,3/8,,V,PS,7594,,1,65,"1,44","0,42",96,"2,79","0,60",32,"-0,71","0,15",76,30,"0,14",29,"0,10",47,"0,12",37,"0,11",15,"0,04",90,,29,1,48,"-2,92","0,44",87,"-0,13",56,"0,09",46,"0,00",76,"0,12",40,"0,03",38,"0,06",94,"-0,25","0,43",81,"0,68",60
TRADIÇÃO MT XINGU 4G 353TE,96702,2012,,,3/8,,P,PS,23242,,1,68,"-0,54","0,63",16,"0,75","0,59",50,"3,03","0,22",2,42,"-0,03",81,"0,19",23,"0,07",54,"-0,00",50,"-0,10",13,,63,1,11,"1,99","0,36",32,"2,75",42,"-0,00",76,"0,17",25,"0,10",45,"0,01",46,"-0,06",27,"0,13","0,42",55,"0,63",60
BRANGUS BRASIL R53 DO MANANCIAL,132766,2016,,,3/8,,V,PS,7594,,1,32,,,,"0,47","0,50",53,"-2,48","0,16",95,17,"0,08",50,"0,18",26,"0,15",30,"-0,05",70,"-0,01",62,,52,1,29,"-0,78","0,38",64,"-0,31",57,"0,06",56,"0,10",46,"0,08",51,"-0,06",73,"-0,03",50,"0,28","0,38",43,"0,60",60
CORRALERO 10373 AONIKENK CLASSIC EVEREST,IA136743,2012,,,3/8,,P,E,,K,10,224,"0,43","0,72",69,"-1,78","0,72",74,,,,,"0,13",32,"0,02",72,"0,02",69,"-0,12",90,"-0,10",14,,63,6,123,"-0,47","0,54",60,"-2,25",71,"0,16",29,"0,04",64,"0,03",65,"-0,13",89,"-0,06",28,"0,01","0,61",64,"0,46",60
PAIPASSO E56/17,141887,2017,,,3/8,,V,PS,20882,,1,46,"-0,17","0,40",35,"-0,86","0,53",66,"1,46","0,11",8,2,"0,12",38,"0,20",20,"0,23",15,"0,03",38,"0,01",78,,58,1,31,"-2,04","0,38",78,"-2,90",75,"0,12",39,"0,17",24,"0,22",18,"0,05",34,"-0,01",70,"0,72","0,42",17,"0,46",60
JUQUIRY TE 6070 SENSATION,89846,2013,,,3/8,,V,PS,18553,,5,327,"-0,82","0,73",9,"0,02","0,79",58,"-5,53","0,43",99,150,"0,12",37,"0,24",12,"0,18",22,"-0,09",82,"0,01",78,,51,5,272,"-3,23","0,68",90,"-3,21",77,"0,12",40,"0,18",22,"0,11",43,"-0,07",75,"-0,00",73,"0,83","0,70",13,"0,24",61
JUQUIRY RED TE 6226 SENSATION,116417,2014,,,3/8,,V,PS,18553,,2,58,"0,02","0,56",46,"-1,82","0,58",75,"-1,31","0,16",85,16,"0,17",22,"0,05",65,"0,15",28,"0,00",49,"0,05",92,,59,2,46,"-0,40","0,43",59,"-2,22",71,"0,11",41,"0,00",76,"0,11",42,"-0,01",55,"0,04",91,"-0,04","0,44",69,"0,24",61
GUASUNCHOS 5073 PIMENTON 6061 T/E PIMENTON,IA143212,2014,,,3/8,,V,E,,,14,217,"-0,16","0,52",36,"-5,44","0,74",95,"0,16","0,13",33,14,"0,21",15,"0,10",48,"0,19",20,"-0,13",90,"0,15",99,,80,11,143,"-1,26","0,57",69,"-6,70",90,"0,26",12,"0,12",37,"0,18",25,"-0,11",86,"0,10",98,"0,57","0,56",24,"0,23",61
RINCON 1228 JESUITA DEL SARANDY,165789,2019,,,3/8,,P,PS,7287,,3,22,"-1,19","0,45",4,"0,04","0,46",57,,,,,"-0,13",96,"0,18",26,"0,04",63,"-0,11",87,"-0,03",48,,78,3,13,"3,89","0,36",18,"3,93",35,"-0,08",91,"0,23",13,"0,03",67,"-0,10",83,"-0,06",27,"0,52","0,40",27,"0,20",61
GAP J009/12 TE GAP ARTILHEIRO,93491,2012,,,3/8,,P,PS,23388,A,22,221,"1,17","0,68",92,"1,00","0,72",48,"2,22","0,25",4,62,"0,11",40,"0,11",44,"0,12",37,"-0,02",60,"-0,06",25,,45,21,158,"-0,47","0,56",60,"0,53",53,"0,13",36,"0,18",21,"0,21",20,"-0,03",64,"-0,04",40,"-0,93","0,62",99,"0,02",62
LAS LILAS 7665G CAPITAN CARDAL,IA121842,2006,,,3/8,,V,E,,,9,124,"0,46","0,59",71,"-1,45","0,66",71,"-0,49","0,19",70,67,"-0,01",76,"0,04",67,"0,01",74,"-0,04",66,"0,01",75,,75,7,76,"2,55","0,49",28,"1,11",50,"-0,04",84,"-0,02",81,"-0,01",79,"-0,06",75,"0,01",83,"0,52","0,57",27,"-0,06",62
JMT E067,140665,2017,,,3/8,,P,PS,15813,,2,52,"-0,43","0,38",21,"-4,48","0,50",92,,,,,"0,08",49,"0,16",31,"0,14",31,"0,01",44,"-0,03",49,,86,,0,"2,47","0,31",29,"-2,00",69,"0,06",56,"0,12",38,"0,13",37,"0,03",41,"-0,04",42,"0,42","0,37",34,"-0,12",63
GAP M593/14 WHATSAPP,96855,2014,,,3/8,,P,PS,23388,P,9,143,"0,27","0,56",61,"2,06","0,66",38,"1,79","0,18",6,38,"0,03",63,"0,05",66,"0,02",71,"-0,08",78,"0,03",86,,46,9,112,"-1,49","0,51",72,"0,57",52,"0,01",73,"0,02",70,"-0,02",80,"-0,17",95,"0,02",86,"0,33","0,62",42,"-0,18",63
DEL INFANTE 924 TE MOSTAZA,IA7810,2017,,,3/8,,V,E,,,7,123,"0,09","0,57",50,"0,02","0,63",58,,,,,"0,18",20,"0,37",3,"0,35",5,"-0,39",99,"0,26",99,,44,7,71,"-1,46","0,44",72,"-1,45",65,"0,13",37,"0,33",3,"0,35",5,"-0,41",99,"0,17",99,"-0,73","0,48",97,"-0,49",64
PRIMAVERA 741 LAMARCA,135368,2017,,,3/8,,P,PS,2496,P,11,147,"-0,24","0,65",30,"-4,06","0,66",91,"0,14","0,07",33,1,"-0,07",89,"0,03",70,"0,04",63,"-0,24",98,"0,01",75,,93,9,95,"4,02","0,50",18,"-0,04",55,"0,04",62,"0,14",32,"0,18",25,"-0,28",99,"-0,03",54,"0,45","0,59",31,"-0,79",65
SULTANA FRANCESCO 1126 YAS T/E JESUITA,IA143236,2015,,,3/8,,P,E,,K,11,272,"0,32","0,76",64,"-1,51","0,75",72,"-1,36","0,30",86,73,"0,05",60,"0,08",54,"0,07",55,"-0,09",81,"-0,05",32,,70,10,171,"0,46","0,61",48,"-1,05",62,"0,09",48,"0,11",40,"0,04",63,"-0,09",81,"-0,07",21,"0,01","0,66",64,"-0,83",65
RINCON TROVÃO TE1214 DEL SARANRY,156366,2019,,,3/8,,P,PS,7287,,1,39,"0,47","0,55",71,"-0,98","0,55",67,,,,,"0,14",29,"0,16",30,"0,17",22,"0,00",48,"0,01",73,,56,1,23,"-1,54","0,42",73,"-2,52",73,"0,10",44,"0,15",30,"0,15",31,"-0,03",62,"-0,01",69,"-0,05","0,44",69,"-0,95",65
BRANGUS BRASIL Q452 DO MANANCIAL,114161,2015,,,3/8,,V,PS,7594,,1,21,,,,"1,35","0,45",46,"-1,28","0,15",85,14,"0,03",64,"0,13",39,"0,01",75,"0,01",44,"-0,06",24,,51,1,14,"0,15","0,33",53,"1,49",48,"0,03",67,"0,10",45,"-0,01",78,"0,02",43,"-0,08",20,"-0,62","0,37",95,"-1,11",66
UMBU 4714,102234,2013,,,3/8,,V,PS,99,,3,62,"0,10","0,58",51,"-4,32","0,56",92,"-0,63","0,16",74,10,"0,13",33,"0,12",43,"0,14",31,"-0,02",60,"0,05",91,,81,3,49,"-1,40","0,43",70,"-5,72",87,"0,13",36,"0,10",46,"0,11",43,"-0,01",54,"0,03",90,"0,99","0,50",9,"-1,14",66
JUQUIRY 3754 OSCAR,36760,2006,,,3/8,,V,PS,18553,,3,50,,,,"0,08","0,55",57,"-1,54","0,19",88,79,"0,05",57,"0,07",55,"0,06",57,"-0,09",82,"-0,02",54,,58,2,32,"0,55","0,41",46,"0,63",52,"0,02",71,"0,04",66,"0,01",72,"-0,10",83,,,"-0,40","0,27",88,"-1,17",66
J.M.T 145A TE,101871,2013,,,3/8,,P,PS,15813,,1,25,"0,87","0,47",86,"0,29","0,44",55,"-0,83","0,11",78,9,"-0,01",76,"-0,16",98,"-0,10",96,"0,05",30,"-0,06",26,,64,1,20,"0,40","0,33",49,"0,70",52,"-0,03",83,"-0,16",99,"-0,13",96,"0,06",30,"-0,07",24,"0,28","0,24",43,"-1,30",67
TRES CRUCES DON VICTORINO 6056 CANTINERO,IA121006,2006,,,3/8,,V,E,,,7,128,"0,39","0,67",67,"-1,12","0,66",68,"-0,34","0,16",67,42,"0,03",65,"0,16",29,"0,06",59,"-0,17",95,"0,04",89,,69,7,40,"-0,88","0,41",65,"-2,00",69,"0,01",74,"0,07",55,"0,02",69,"-0,22",97,"0,02",86,"0,86","0,44",13,"-1,43",67
TRES CRUCES CARDENAL 4312 TE,IA113604,2004,,,3/8,,V,E,312,,25,1244,"0,70","0,85",81,"-3,18","0,87",85,"0,54","0,64",21,890,"0,13",34,"0,18",25,"0,16",26,"-0,09",81,"0,07",95,,72,24,807,"-1,14","0,80",67,"-4,33",82,"0,11",41,"0,15",31,"0,12",39,"-0,08",79,"0,03",87,"0,39","0,82",35,"-1,57",67
TRADIÇÃO MT GUARANI 4G 350TE,96699,2012,,,3/8,,P,PS,23242,,1,65,"-0,11","0,63",38,"-1,99","0,59",77,"1,61","0,25",7,50,"-0,01",75,"0,12",42,"0,03",67,"-0,10",84,"-0,16",3,,78,1,9,"2,49","0,36",29,"0,50",53,"0,04",64,"0,14",33,"0,05",60,"-0,03",64,"-0,14",4,"-0,35","0,33",86,"-1,58",68
BRANGUS BRASIL O386 MANANCIAL,96980,2013,,,3/8,,V,PS,7594,,2,96,"-0,61","0,60",14,"-3,53","0,61",88,"-0,75","0,24",76,32,"0,12",36,"0,10",47,"0,12",36,"0,05",29,"0,12",98,,75,2,61,"-1,18","0,46",68,"-4,71",83,"0,14",33,"0,05",63,"0,11",42,"0,04",37,"0,10",98,"0,38","0,34",36,"-1,58",68
JUQUIRY TE 6076 SENSATION RED,119700,2013,,,3/8,,V,PS,18553,,1,27,"-0,15","0,45",36,"0,99","0,49",49,"-3,16","0,17",98,5,"0,06",55,"0,10",49,"0,13",34,"-0,03",63,"-0,02",53,,50,1,20,"-1,92","0,38",77,"-0,93",62,"0,02",69,"0,04",66,"0,06",58,"-0,04",65,"-0,03",48,"0,10","0,35",58,"-1,63",68
OLHOS D'AGUA PANZER 5G 8282,102438,2014,,,3/8,,V,PS,73,,1,29,"1,05","0,49",90,"-0,38","0,47",61,,,,,"0,09",44,"0,10",48,"0,08",52,"0,14",10,"-0,02",57,,57,1,20,"-2,73","0,35",85,"-3,10",76,"0,04",63,"-0,03",83,"-0,00",76,"0,12",17,"-0,03",54,"0,62","0,35",21,"-1,70",68
UMBU 4010,83437,2010,,,3/8,,V,PS,99,,2,50,"0,28","0,54",62,"-1,41","0,52",71,"-4,37","0,12",99,20,"-0,01",76,"0,02",74,"-0,03",84,"0,01",43,"0,03",85,,75,2,37,"-0,18","0,36",56,"-1,59",66,"0,03",66,"0,02",71,"0,02",68,"0,04",37,"0,00",77,"0,48","0,32",30,"-2,16",70
OLHOS D'AGUA CIRIACO 4G 7377,72157,2010,,,3/8,,P,PS,73,,1,28,"1,01","0,53",89,"-0,90","0,50",67,"1,91","0,18",5,18,"0,01",70,"-0,02",82,"-0,02",82,"0,09",20,"-0,02",52,,69,1,13,"-1,46","0,37",72,"-2,36",71,"0,00",74,"-0,04",84,"-0,02",80,"0,11",18,"-0,03",49,"0,79","0,42",15,"-2,32",70
RANCHO 1810 YUNQUE T/E,IA142993,2013,,,3/8,,P,E,,,7,107,"0,62","0,57",78,"-0,84","0,66",66,,,,,"0,02",68,"0,08",54,"0,12",39,"-0,05",68,"-0,03",42,,68,6,53,"-3,02","0,47",88,"-3,86",80,"0,10",43,"0,11",43,"0,17",28,"-0,01",54,"-0,00",73,"0,75","0,52",17,"-2,52",70
ANJO DA GUARDA D02,142945,2017,,,3/8,,V,PS,7594,,1,56,"-0,16","0,43",35,"-5,42","0,53",95,,,,,"0,21",14,"0,19",22,"0,26",10,"0,07",25,"0,07",96,,79,1,7,"-3,06","0,27",88,"-8,48",95,"0,24",14,"0,14",31,"0,25",14,"0,08",25,"0,06",94,"0,34","0,19",41,"-2,56",70
GUAPIARA BE0114 IMPERIO FIV,81977,2011,,,3/8,,P,PS,23805,,3,43,"0,08","0,36",49,"-0,40","0,49",61,"-1,81","0,15",90,3,"0,03",63,"-0,13",97,"-0,06",89,"0,04",33,"-0,16",2,,64,3,28,"-0,60","0,36",61,"-1,00",62,"0,02",69,"-0,15",97,"-0,08",92,"0,12",17,"-0,17",2,"-0,16","0,30",75,"-2,57",71
GAP L055/13 GAP TROLLER,89908,2013,,,3/8,,V,PS,23388,A,6,51,"-0,55","0,55",16,"-0,08","0,56",59,"2,36","0,18",3,16,"0,09",47,"0,09",52,"0,09",48,"0,25",3,"0,01",74,,55,6,45,"-3,28","0,44",90,"-3,36",77,"0,04",64,"-0,02",80,"-0,00",76,"0,27",3,"0,02",85,"0,47","0,45",30,"-2,64",71
EBANO 2867 ÑATITO 1997 3/8 P E,23805,,,,,,,,,,6,112,"0,31","0,68",63,"-2,35","0,70",80,"0,39","0,36",26,100,"0,09",45,"0,41",2,"0,24",12,"-0,32",99,"-0,14",5,,71,6,74,"-1,22","0,57",69,"-3,57",78,"0,16",28,"0,43",1,"0,33",6,"-0,31",99,"-0,09",15,"-0,44","0,61",90,"-2,73",71
JUQUIRY 5846 YACARE,93166,2012,,,3/8,,V,PS,18553,,3,46,"0,39","0,31",67,"-2,03","0,51",77,"0,78","0,11",16,14,"0,12",37,"0,24",13,"0,15",30,"0,05",30,"0,00",71,,66,2,26,"-3,03","0,35",88,"-5,06",86,"0,10",45,"0,15",30,"0,15",32,"0,01",46,"0,02",84,"0,49","0,36",29,"-2,74",71
JUQUIRY RED TE6844 TE6070 TE6501 DC PINDAÍ,124105,2017,,,3/8,,V,PS,18553,P,9,106,"-0,18","0,41",33,"-0,66","0,61",64,,,,,"0,09",46,"0,17",28,"0,12",39,"-0,11",88,"-0,01",63,,59,4,15,"-3,25","0,36",90,"-3,91",80,"0,06",56,"0,09",48,"0,04",63,"-0,13",90,"-0,03",52,"0,40","0,43",35,"-2,89",71
UMBU 5156,130957,2016,,,3/8,,P,PS,99,,4,60,"-2,25","0,62",1,"-3,85","0,58",90,"3,21","0,16",2,8,"-0,01",77,"0,02",73,"-0,08",93,"-0,05",69,"0,02",83,,90,4,38,"1,69","0,43",35,"-2,16",70,"0,02",70,"0,06",58,"-0,06",87,"-0,01",55,"0,01",80,"0,37","0,47",39,"-2,91",71
ALPARAMIS MALCOM X 413 B C 19515 CASABINDO,IA144509,2015,,,3/8,,V,E,,K,9,135,"1,24","0,65",94,"0,96","0,67",49,"-0,29","0,01",66,1,"-0,05",85,"0,06",60,"0,07",55,"-0,16",95,"-0,03",48,,63,9,74,"-0,29","0,46",58,"0,67",52,"-0,05",86,"0,14",31,"0,20",22,"-0,15",93,"-0,10",12,"0,03","0,49",62,"-2,98",72
JMT ZARCO 9861,91830,2013,,,3/8,,P,PS,15813,,6,269,"0,29","0,74",63,"-1,48","0,74",72,"0,34","0,36",27,134,"0,04",61,"0,05",66,"0,06",59,"0,07",26,"0,02",80,,70,5,187,"-1,17","0,60",68,"-2,64",73,"0,03",65,"-0,03",82,"0,01",72,"0,07",29,"0,03",88,"0,21","0,68",47,"-3,08",72
"OLHOS D'AGUA 7217 ""THOR""",75199,2011,,,3/8,,V,PS,73,,2,30,"0,53","0,49",74,"-1,79","0,47",74,"0,43","0,07",24,3,"0,15",28,"0,23",13,"0,22",15,"-0,07",76,"0,00",69,,61,2,23,"-3,08","0,33",89,"-4,87",84,"0,17",27,"0,21",15,"0,24",16,"-0,08",78,"-0,01",67,"-0,37","0,30",87,"-3,10",72
OLHOS D'AGUA 6G 7007 RUBI,52679,2008,,,3/8,,V,PS,73,,3,156,"0,26","0,73",60,"-0,60","0,70",63,"-1,16","0,27",83,89,"0,14",30,"-0,05",87,"0,08",53,"0,08",22,"-0,02",57,,53,3,115,"-4,27","0,56",95,"-4,87",84,"-0,00",76,"-0,13",96,"-0,00",75,"0,11",18,"-0,03",48,"0,82","0,58",14,"-3,16",73
CCR INTEGRITY 355S4 2006 3/8 P E,23805,,,,,,,,,,2,71,"-0,86","0,61",9,"-4,92","0,58",94,"2,04","0,11",4,28,"-0,12",95,"-0,12",96,"-0,17",99,"-0,09",82,"-0,02",53,,96,2,36,"4,55","0,38",15,"-0,37",58,"-0,04",84,"-0,06",90,"-0,15",98,"-0,06",74,"-0,02",58,"0,41","0,47",34,"-3,32",73
JUQUIRY RED TE6964 RED WINE 8141 YAS,135458,2018,,,3/8,,V,PS,18553,,3,56,"-0,20","0,57",33,"-1,18","0,57",69,,,,,"0,03",65,"0,14",35,"0,09",48,"-0,15",93,"0,06",93,,69,3,39,"-0,98","0,43",66,"-2,17",70,"0,02",69,"0,10",46,"0,05",60,"-0,10",84,"0,08",97,"-0,04","0,40",69,"-3,59",74
RINCON TE478 DON CIRIACO DEL SARANDY,120469,2014,,,3/8,,V,PS,7287,,1,44,"-0,08","0,58",40,"0,46","0,56",53,"1,99","0,25",4,39,"0,03",63,"0,08",54,"0,09",49,"-0,08",78,"0,02",82,,58,1,38,"-2,49","0,45",83,"-2,03",69,"0,02",69,"0,07",54,"0,09",48,"-0,04",68,"-0,01",65,"-0,07","0,53",70,"-3,67",74
J.M.T 8041 NATO,76904,2010,,,3/8,,P,PS,15813,Y,5,172,"-0,60","0,72",15,"-1,72","0,71",74,"1,81","0,26",6,42,"-0,05",85,"0,05",64,"0,08",51,"-0,17",95,"-0,07",24,,81,5,112,"-1,03","0,56",67,"-2,75",74,"-0,03",82,"0,09",47,"0,10",46,"-0,13",91,"-0,06",29,"0,76","0,64",16,"-4,30",76
BRANGUS BRASIL T252 DO MANANCIAL,146270,2018,,,3/8,,V,PS,7594,,1,23,"-1,12","0,43",4,"-4,34","0,44",92,,,,,"0,17",21,"0,23",13,"0,24",12,"0,03",36,"-0,03",44,,76,,0,"-3,16","0,25",89,"-7,50",92,"0,18",24,"0,20",18,"0,22",17,"0,04",36,"-0,04",44,"-0,08","0,31",70,"-4,33",76
LC AMANCO A337 LOTUS,102309,2013,,,3/8,,P,PS,2309,,2,25,"-0,10","0,29",39,"-1,17","0,40",68,"-1,32","0,12",85,5,"-0,03",80,"-0,08",92,"-0,09",94,"-0,10",84,"-0,11",10,,75,1,1,"-0,44","0,21",60,"-1,61",66,"-0,01",77,"-0,04",85,"-0,07",91,"-0,07",76,"-0,09",16,"0,01","0,20",64,"-4,34",77
MR 0/672 2010 3/8 V E,23805,,,,,,,,,,1,52,"-0,71","0,56",11,"-1,99","0,54",77,"0,90","0,20",15,22,"-0,05",86,"0,18",25,"0,26",10,"-0,25",99,"0,23",99,,83,1,43,"1,48","0,43",37,"-0,51",59,"-0,08",91,"0,18",21,"0,30",8,"-0,27",99,"0,21",99,"-0,09","0,45",71,"-4,68",78
JUQUIRY 6024,93183,2012,,,3/8,,V,PS,18553,,1,28,"-0,02","0,42",43,"-0,92","0,48",67,"0,74","0,18",17,29,"0,06",56,"-0,04",85,"0,06",59,"0,03",37,"-0,02",55,,65,1,26,"-2,72","0,37",85,"-3,63",78,"0,03",67,"-0,07",91,"-0,00",76,"0,08",24,"-0,02",59,"-0,17","0,26",76,"-5,09",78
LATISANA BRG 16 HEMINGWAY T/E,IA143446,2016,,,3/8,,V,E,,,4,24,"1,38","0,42",96,"-5,55","0,43",96,,,,,"0,26",9,"0,24",12,"0,24",13,"-0,20",97,"0,05",92,,75,4,15,"-4,41","0,30",95,"-9,96",97,"0,23",15,"0,17",25,"0,22",18,"-0,23",98,"0,00",77,"-0,41","0,34",88,"-5,47",79
PRATA R1627,196038,2002,,,3/4,,V,CCG,27141,,4,94,"0,72","0,43",82,"0,17","0,60",56,"5,89","0,16",1,58,"-0,21",99,"-0,06",89,"-0,19",99,"0,01",46,"-0,03",48,,84,4,85,"1,69","0,44",35,"1,86",47,"-0,22",99,"-0,04",85,"-0,15",98,"0,02",42,"-0,03",50,"0,57","0,49",24,"-5,47",79
BRANGUS BRASIL N71 DO MANANCIAL,90570,2012,,,3/8,,V,PS,7594,,2,345,"-2,77","0,63",1,"-2,45","0,72",81,"1,75","0,18",6,34,"0,07",52,"-0,02",82,"0,10",44,"-0,06",72,"0,01",77,,73,2,60,"-3,37","0,46",91,"-5,82",88,"0,08",52,"-0,09",93,"0,04",61,"-0,07",75,"-0,00",73,"0,11","0,44",57,"-5,59",80
BRANGUS BRASIL M62 MANANCIAL,84810,2011,,,3/8,,V,PS,7594,,4,681,"0,09","0,68",50,"-1,27","0,82",69,"-1,85","0,48",90,253,"0,01",70,"0,22",15,"0,12",38,"-0,10",84,"-0,00",66,,71,4,553,"-2,28","0,73",81,"-3,55",78,"0,02",70,"0,21",16,"0,08",52,"-0,07",77,"-0,02",61,"-0,15","0,73",74,"-5,72",81
JUNCO 38P 6650 REI ARTHUR,225258,2003,,,3/8,,V,PS,21499,,2,57,"-1,14","0,19",4,"0,13","0,51",57,"-0,58","0,14",73,38,"-0,03",80,"-0,00",79,"0,02",71,"0,04",35,"-0,01",64,,67,2,28,"-2,32","0,34",82,"-2,19",70,"-0,06",88,"-0,03",83,"0,01",74,"0,01",48,"0,01",79,"0,11","0,16",56,"-5,73",81
RECONQUISTA MG 850 BRANGUS,155668,2018,,,3/8,,P,PS,17573,,1,26,,,,"-3,11","0,41",85,,,,,"-0,04",84,"0,06",61,"-0,04",86,"-0,05",69,"0,14",99,,89,,0,"-0,67","0,23",63,"-3,78",79,"-0,05",87,"0,03",67,"-0,07",90,"-0,07",78,"0,13",99,"0,59","0,32",23,"-5,99",82
TILITA ÑATITO 1256 TE ARANGÁ,IA121179,2007,,,3/8,,P,E,,T,7,127,"-1,02","0,68",6,"-1,29","0,69",69,"0,93","0,25",15,63,"-0,03",80,"0,03",71,"0,02",72,"-0,36",99,"-0,17",2,,76,6,98,"-1,45","0,56",71,"-2,74",74,"-0,05",86,"0,07",57,"0,09",49,"-0,37",99,"-0,15",4,"0,01","0,61",64,"-6,19",83
BRANGUS BRASIL O26 MANANCIAL,96953,2013,,,3/8,,V,PS,7594,,1,30,"0,18","0,37",56,"-4,69","0,49",93,"0,94","0,20",14,22,"0,10",43,"0,10",47,"0,12",36,"-0,14",92,"0,04",88,,85,1,23,"-1,64","0,37",75,"-6,33",89,"0,10",43,"0,09",48,"0,12",39,"-0,13",89,"0,03",88,"-0,52","0,34",92,"-6,52",84
LADICHA 4803 CUATRERO,IA112571,2001,,,3/8,,V,E,,,8,85,"0,45","0,52",71,"-5,09","0,64",94,"0,65","0,21",19,63,"0,18",17,"0,06",61,"0,16",26,"0,02",42,"0,01",76,,80,6,50,"-5,03","0,47",97,"-10,11",97,"0,12",38,"-0,00",78,"0,13",36,"-0,05",70,"0,00",77,"0,37","0,50",38,"-6,77",84
TRADIÇÃO MT REEDITADO 3G 3495,144293,2018,,,3/8,,P,PS,23242,,1,61,"1,27","0,59",94,"-3,74","0,56",89,,,,,"0,18",18,"0,06",60,"0,20",19,"0,08",21,"-0,08",17,,71,1,31,"-2,97","0,34",88,"-6,71",91,"0,12",39,"0,02",71,"0,12",40,"0,04",36,"-0,11",9,"-1,08","0,39",99,"-6,80",84
JUQUIRY 6136 LEAD BLACK,98348,2013,,,3/8,,P,PS,18553,,2,65,"-0,83","0,47",9,"-3,78","0,59",90,"1,22","0,20",11,32,"0,07",51,"0,08",53,"0,10",47,"-0,10",83,"-0,01",65,,83,1,53,"-3,49","0,46",91,"-7,27",92,"0,08",50,"0,06",61,"0,11",43,"-0,04",68,"-0,02",63,"0,11","0,43",56,"-6,89",84
CCR SLEEP EASY 9L2,IA9675802,2001,,,3/8,,P,E,,,5,148,"0,08","0,69",49,"-3,14","0,67",85,"-1,24","0,27",84,78,"0,01",70,"-0,20",99,"-0,00",77,"-0,02",57,"0,04",90,,84,5,69,"-2,07","0,48",79,"-5,21",86,"-0,00",76,"-0,16",98,"-0,05",86,"0,01",46,"0,04",92,"0,09","0,42",59,"-7,10",85
JUQUIRY 3850 DON CLEMENTINO,39928,2006,,,3/8,,P,PS,18553,,3,82,,,,"-1,58","0,61",72,"0,12","0,23",34,59,"-0,03",81,"0,03",70,"0,03",68,"-0,10",84,"-0,04",37,,79,3,43,"-3,53","0,46",92,"-5,11",86,"-0,02",81,"0,04",65,"0,03",66,"-0,06",73,"-0,04",46,"0,59","0,37",22,"-7,17",85
BOM RETIRO I818,229208,2003,,,3/4,,V,CCG,11829,,3,27,"2,76","0,32",99,"-4,70","0,44",93,"2,30","0,06",3,31,"0,09",45,"0,03",69,"0,02",71,"0,12",14,"-0,14",5,,86,3,15,"-1,62","0,27",74,"-6,31",89,"0,08",49,"-0,03",83,"-0,00",76,"0,10",19,"-0,11",8,"-0,63","0,21",95,"-7,18",85
JUQUIRY 6112 DON CIRIACO RED,105233,2013,,,3/8,,V,PS,18553,,2,41,"0,78","0,51",84,"-5,36","0,52",95,"0,47","0,17",23,9,"0,05",57,"0,05",66,"0,11",41,"-0,03",62,"0,03",84,,91,2,32,"-2,60","0,40",84,"-7,96",93,"0,05",61,"0,05",63,"0,09",48,"0,01",47,"0,04",91,"0,57","0,24",25,"-7,20",85
BRANGUS BRASIL Q86 DO MANANCIAL,114199,2015,,,3/8,,V,PS,7594,,1,30,,,,"-0,46","0,45",61,"0,89","0,16",15,17,"0,06",56,"0,11",46,"0,08",53,"-0,04",66,"-0,00",66,,61,1,17,"-4,31","0,33",95,"-4,77",84,"0,08",52,"0,07",53,"0,05",60,"-0,02",60,"-0,00",71,"-0,82","0,40",98,"-7,30",85
J.M.T. 6123 SABRE,39894,2006,,,3/8,,P,PS,15813,,2,61,"0,14","0,60",54,"-4,99","0,58",94,"-0,82","0,09",78,11,"-0,00",74,"0,06",59,"0,11",41,"-0,12",88,"-0,12",8,,92,2,51,"1,58","0,43",36,"-3,41",77,"-0,02",79,"0,07",56,"0,05",60,"-0,07",75,"-0,15",4,"-0,78","0,45",98,"-7,39",86
JUQUIRY RED C135,148049,2015,,,3/8,,V,PS,18553,,1,30,"-0,28","0,40",27,"-4,57","0,48",92,"-0,61","0,07",73,2,"0,05",57,"0,10",47,"0,09",50,"-0,07",74,"-0,06",24,,88,1,22,"-2,06","0,35",79,"-6,63",90,"0,02",70,"0,07",55,"0,07",55,"-0,06",72,"-0,05",37,"0,06","0,36",61,"-7,50",86
BRANGUS BRASIL L15 MANANCIAL,68013,2010,,,3/8,,V,PS,7594,,2,70,"-0,08","0,51",40,"-5,74","0,65",96,"2,40","0,29",3,66,"0,07",52,"0,21",18,"0,10",48,"-0,01",56,"0,10",97,,91,2,56,"-1,66","0,53",75,"-7,40",92,"0,07",55,"0,16",27,"0,08",50,"-0,02",60,"0,05",93,"-0,09","0,55",71,"-7,52",86
JUQUIRY RED FIV 6380 RED BULL 4821,105430,2015,,,3/8,,V,PS,18553,,1,33,"-0,52","0,45",17,"-2,84","0,50",84,"-0,34","0,10",67,7,"0,07",52,"0,09",51,"0,12",39,"0,02",40,"0,12",99,,76,1,27,"-2,88","0,37",86,"-5,73",87,"0,04",64,"0,02",71,"0,01",72,"0,02",44,"0,13",99,"-0,50","0,29",91,"-7,62",86
BRANGUS BRASIL Q466 DO MANANCIAL,114164,2015,,,3/8,,V,PS,7594,,1,28,,,,"-5,77","0,49",96,"1,76","0,15",6,20,"0,03",64,"0,18",24,"0,06",56,"-0,03",61,"0,02",83,,93,1,17,"-0,06","0,32",54,"-5,82",88,"0,02",69,"0,17",26,"0,06",58,"0,01",48,"0,01",78,"-0,33","0,25",85,"-7,69",87
JUQUIRY TE 05702,84288,2012,,,3/8,,V,PS,18553,,2,125,"0,28","0,53",62,"-1,79","0,69",75,"-2,25","0,31",93,113,"0,16",25,"0,26",10,"0,28",8,"-0,02",58,"0,05",91,,60,2,79,"-7,32","0,53",99,"-9,11",96,"0,12",39,"0,13",34,"0,22",19,"-0,01",53,"0,03",88,"-0,10","0,52",72,"-7,83",87
PRIMAVERA Q582/13,103032,2013,,,3/8,,V,PS,2496,,3,24,"0,97","0,20",88,"-0,46","0,44",61,"0,23","0,08",31,2,"0,03",63,"0,08",55,"0,14",32,"-0,06",72,"0,08",96,,65,3,21,"-5,99","0,33",99,"-6,46",90,"0,00",74,"0,05",62,"0,15",32,"-0,04",66,"0,11",99,"0,35","0,47",40,"-7,89",87
SAO BIBIANO TORNADO 4229,88628,2010,,,3/8,,P,PS,110,,2,74,,,,"-2,27","0,57",79,"0,53","0,12",21,33,"-0,05",85,"0,10",47,"0,03",66,"-0,11",87,"-0,02",55,,84,2,41,"-2,70","0,39",85,"-4,96",85,"-0,07",91,"0,09",49,"0,01",74,"-0,14",92,"-0,01",65,"0,59","0,34",23,"-7,94",87
BRANGUS BRASIL R01 DO MANANCIAL,132757,2016,,,3/8,,V,PS,7594,,1,26,,,,"-2,62","0,49",83,"-3,15","0,16",98,13,"0,04",60,"0,13",38,"0,09",49,"-0,08",80,"0,09",97,,78,1,21,"-4,98","0,37",97,"-7,60",92,"0,01",74,"0,06",60,"0,03",66,"-0,09",82,"0,07",95,"0,56","0,36",25,"-8,07",87
JUQUIRY MR IDEAL 4828,69364,2009,,,3/8,,V,PS,77,,1,27,"0,39","0,26",66,"-2,00","0,43",77,"-0,07","0,09",41,16,"-0,05",85,"-0,14",97,"-0,05",86,"0,03",36,"-0,03",42,,83,1,27,"-1,33","0,32",70,"-3,33",77,"-0,08",91,"-0,13",97,"-0,07",91,"-0,02",59,"-0,05",36,"-0,16","0,22",75,"-8,09",87
PRIMAVERA H188 CAPITÃO NASCIMENTO,63602,2007,,,3/8,,V,PS,2496,P,10,169,"0,77","0,66",84,"-2,28","0,71",79,"-0,22","0,21",63,48,"0,02",66,"0,04",67,"0,12",40,"-0,16",95,"0,05",92,,77,9,124,"-2,16","0,56",80,"-4,44",83,"-0,00",76,"-0,06",89,"0,06",57,"-0,13",90,"0,07",96,"-0,69","0,65",96,"-8,13",87
JUQUIRY BLACK TE6396 PIRULIN 6070,115685,2015,,,3/8,,P,PS,18553,,3,59,"-1,05","0,56",5,"-8,27","0,59",99,"0,48","0,20",23,5,"0,06",56,"0,14",36,"0,14",32,"-0,09",81,"-0,07",22,,97,2,41,"-1,74","0,45",76,"-10,02",97,"0,08",50,"0,20",18,"0,17",26,"-0,05",70,"-0,10",11,"0,60","0,49",22,"-8,40",88
BRANGUS BRASIL O604 MANANCIAL,96995,2013,,,3/8,,P,PS,7594,,1,47,,,,"-6,44","0,50",97,"3,28","0,16",2,27,"0,03",66,"0,02",74,"0,04",64,"0,00",47,"0,08",96,,96,1,39,"-0,89","0,37",66,"-7,33",92,"0,03",67,"0,01",72,"0,07",56,"0,01",46,"0,05",93,"-0,03","0,28",68,"-8,60",89
J.M.T. CIMARRÓN 6745,46195,2007,,,3/8,,V,PS,15813,,2,60,"0,40","0,61",67,"-1,17","0,58",68,"2,60","0,21",2,33,"-0,12",96,"0,05",63,"0,01",73,"0,01",46,"-0,00",66,,84,2,35,"-2,21","0,43",81,"-3,37",77,"-0,13",96,"0,01",74,"-0,03",84,"0,04",38,"-0,02",55,"0,44","0,40",32,"-8,76",89
SULTANA FRANCESCO 1388 AON T/E 2016 3/8 P E,23805,,,,,,,,,,2,106,"0,06","0,63",48,"-2,36","0,62",80,"-1,83","0,19",90,42,"-0,07",90,"0,04",68,"-0,01",78,"-0,23",98,"-0,02",55,,87,2,86,"-0,79","0,48",64,"-3,16",77,"-0,05",86,"0,07",57,"0,03",65,"-0,22",98,"-0,03",48,"-0,68","0,47",96,"-9,05",89
LAS LILAS 4247-J CLAS. REVEL TE,IA128739,2009,,,3/8,,P,E,,,3,62,"-1,20","0,53",3,"-3,27","0,56",86,"-1,79","0,08",89,15,"0,02",68,"-0,17",98,"-0,04",85,"-0,06",74,"0,08",96,,84,3,28,"-2,95","0,36",87,"-6,22",88,"-0,01",78,"-0,19",99,"-0,08",92,"-0,05",70,"0,06",95,"-0,30","0,36",83,"-9,28",90
RINCON 493 DON CIRIACO DEL SARANDY,112925,2014,,,3/8,,V,PS,7287,,1,24,"0,54","0,45",75,"-3,64","0,47",89,"1,27","0,18",10,13,"-0,04",83,"0,10",46,"0,03",66,"0,06",28,"0,03",85,,91,1,20,"-3,30","0,36",90,"-6,95",91,"-0,04",85,"0,06",59,"-0,01",79,"0,10",20,"0,01",79,"0,53","0,39",27,"-9,50",90
CCR SLEEP EASY 46T3 2007 3/8 P E,23805,,,,,,,,,,4,378,"-0,37","0,78",24,"-5,17","0,76",95,"-1,87","0,39",90,155,"-0,01",75,"-0,20",99,"-0,00",78,"-0,11",87,"0,10",98,,93,4,144,"-1,08","0,59",67,"-6,25",89,"-0,08",91,"-0,21",99,"-0,07",89,"-0,10",83,"0,11",98,"-0,03","0,56",68,"-9,80",91
PAIPASSO C26/15 GARDEL,114369,2015,,,3/8,,V,PS,20882,L,3,79,"0,19","0,62",56,"-2,00","0,61",77,"-0,14","0,14",43,7,"-0,06",88,"0,27",9,"0,21",18,"0,09",20,"-0,11",9,,84,3,57,"-3,57","0,47",92,"-5,57",87,"-0,10",93,"0,26",8,"0,19",23,"0,13",15,"-0,13",7,"0,18","0,52",51,"-10,28",91
SAN ALEJO 2341 PICANTE CENCERRO DON CORLEONE,132698,2016,,,3/8,,V,PS,312,R,25,476,"-0,51","0,80",18,"-3,37","0,81",87,"0,62","0,22",19,39,"-0,05",86,"0,06",62,"0,02",69,"-0,07",77,"0,08",96,,90,20,322,"-1,56","0,68",73,"-4,92",85,"-0,12",95,"-0,03",82,"-0,08",91,"-0,11",85,"0,05",93,"-0,18","0,71",76,"-10,44",91
OLHOS D'AGUA SPARTACUS 4G 7932,92734,2012,,,3/8,,P,PS,73,,1,100,"-0,51","0,67",17,"2,20","0,63",37,"0,53","0,22",21,38,"-0,28",99,"-0,06",90,"-0,14",98,"0,05",29,"-0,16",3,,78,1,10,"-0,91","0,34",66,"1,29",49,"-0,26",99,"-0,06",89,"-0,11",95,"0,05",35,"-0,15",4,"-0,32","0,34",84,"-10,67",92
BRANGUS BRASIL R55 DO MANANCIAL,132767,2016,,,3/8,,V,PS,7594,,1,39,,,,"-3,73","0,52",89,"-3,18","0,21",98,31,"0,04",62,"0,07",58,"0,05",60,"-0,06",73,"0,00",71,,85,1,28,"-4,39","0,38",95,"-8,12",94,"0,02",69,"0,04",66,"0,01",74,"-0,05",71,"-0,01",66,"-0,38","0,37",87,"-10,69",92
RINCON 519 2018 DEL SARANDY,120453,2015,,,3/8,,P,PS,7287,,1,40,"1,17","0,50",92,"0,37","0,53",54,"0,47","0,16",24,16,"-0,15",97,"-0,01",81,"-0,12",97,"0,05",31,"0,02",81,,77,1,31,"-2,13","0,39",80,"-1,76",67,"-0,17",98,"-0,06",89,"-0,19",99,"0,08",25,"0,00",74,"-0,57","0,46",94,"-10,70",92
MORRIS YAS 264 GLADIADOR TE YACO,IA128901,2010,,,3/8,,P,E,,T,11,212,"-0,74","0,72",11,"-4,74","0,72",93,"2,41","0,17",3,17,"-0,08",91,"-0,03",83,"-0,02",82,"-0,25",98,"-0,11",11,,95,9,131,"-0,33","0,56",58,"-5,06",85,"-0,05",87,"-0,01",79,"-0,03",83,"-0,26",98,"-0,08",18,"-0,61","0,55",95,"-10,82",93
BRANGUS BRASIL R31 DO MANANCIAL,132762,2016,,,3/8,,V,PS,7594,,1,26,,,,"-3,70","0,50",89,"-3,68","0,18",99,15,"-0,02",78,"0,11",44,"0,04",64,"0,03",36,"-0,03",44,,89,1,22,"-4,87","0,38",97,"-8,57",95,"-0,03",82,"0,05",61,"-0,01",79,"0,06",32,"-0,05",35,"0,35","0,41",40,"-11,15",93
BRANGUS BRASIL R526 DO MANANCIAL,129026,2016,,,3/8,,V,PS,7594,,1,23,,,,"-4,57","0,44",92,"-1,01","0,13",80,10,"0,03",64,"0,02",73,"0,05",61,"0,08",23,"-0,07",21,,90,1,14,"-3,60","0,31",92,"-8,17",94,"0,02",69,"-0,00",78,"0,03",65,"0,05",35,"-0,09",13,"-0,69","0,35",96,"-11,53",94
BRANGUS BRASIL R25 DO MANANCIAL,132761,2016,,,3/8,,V,PS,7594,,1,24,,,,"-2,22","0,49",79,"-2,93","0,17",97,18,"0,02",67,"0,21",19,"0,04",63,"-0,20",97,"0,06",93,,77,1,21,"-8,11","0,37",99,"-10,34",97,"0,04",63,"0,15",30,"-0,01",78,"-0,16",95,"0,05",92,"0,12","0,40",55,"-12,21",94
JUQUIRY RED TE6406 A49 6071,108114,2015,,,3/8,,V,PS,18553,,2,144,"-0,40","0,59",23,"-6,39","0,69",97,"-4,20","0,23",99,39,"0,05",58,"0,06",60,"0,12",37,"-0,14",92,"-0,03",47,,94,2,119,"-4,15","0,56",94,"-10,54",98,"0,01",73,"0,02",72,"0,08",50,"-0,14",93,"-0,02",63,"-0,18","0,56",76,"-12,56",95
SAN ALEJO 9380 RUFIAN ROCKO,IA136806,2012,,,3/8,,V,E,,,10,118,"0,02","0,62",46,"-4,70","0,65",93,"-1,50","0,09",88,20,"0,05",59,"0,01",77,"0,03",66,"-0,01",53,"0,01",78,,89,9,90,"-6,48","0,48",99,"-11,18",98,"0,01",73,"-0,04",86,"-0,04",85,"-0,00",50,"-0,01",64,"0,16","0,50",52,"-12,72",95
LAS LILAS 1317-M LIBERAL COLO G6,IA137374,2012,,,3/8,,V,E,,,6,43,"1,14","0,53",91,"-9,32","0,51",99,"0,33","0,03",28,3,"0,11",38,"-0,18",99,"-0,01",79,"0,01",43,"0,02",83,,97,5,19,"-5,57","0,31",98,"-14,89",99,"0,04",62,"-0,25",99,"-0,07",89,"-0,04",68,"-0,02",60,"0,44","0,30",32,"-13,82",96
RINCON IBERA 17015 CABURE 7576,IA144676,2017,,,3/8,,P,E,,,6,25,"0,87","0,29",86,"-3,78","0,40",90,,,,,"-0,14",97,"-0,09",93,"-0,06",90,"-0,23",98,"0,06",94,,95,3,7,"-3,81","0,21",93,"-7,59",92,"-0,15",97,"-0,10",94,"-0,05",87,"-0,23",98,"0,05",92,"0,02","0,17",63,"-14,96",97
BRANGUS BRASIL R82 DO MANANCIAL,129050,2016,,,3/8,,V,PS,7594,,1,25,,,,"-8,34","0,47",99,"1,81","0,17",6,18,"0,03",65,"0,14",35,"0,09",51,"-0,03",64,"0,08",96,,97,1,16,"-4,10","0,34",94,"-12,44",99,"0,01",72,"0,13",35,"0,07",53,"-0,04",67,"0,05",93,"-0,34","0,35",86,"-15,12",98
"OLHOS D'AGUA 5G 7222 ""EVEREST""",75207,2011,,,3/8,,P,PS,73,,1,111,"0,13","0,61",53,"-4,71","0,57",93,"1,46","0,15",8,31,"-0,24",99,"-0,30",99,"-0,21",99,"0,02",40,"0,23",99,,98,1,49,"-0,36","0,37",58,"-5,08",86,"-0,26",99,"-0,26",99,"-0,18",99,"0,07",27,"0,22",99,"-0,93","0,36",99,"-17,60",98
MC BIG LEAGUE 889J12,IA35336,1999,,,3/8,,P,E,23805,,1,28,"-0,80","0,30",9,"-14,12","0,40",99,"-0,07","0,01",41,1,"-0,09",92,"-0,12",95,"-0,08",92,"-0,10",84,"0,06",94,,99,1,6,"-2,94","0,17",87,"-17,06",99,"-0,08",91,"-0,09",92,"-0,07",90,"-0,11",86,"0,05",93,"-0,77","0,14",98,"-24,00",99
POLI NANKIM 1566,100290,2014,,,3/8,,P,PS,14867,,1,28,,,,"-6,86","0,34",98,"-0,22","0,16",63,17,"-0,17",99,"-0,09",94,"-0,03",84,"-0,27",99,"0,04",88,,99,1,27,"-7,31","0,27",99,"-14,17",99,"-0,22",99,"-0,15",97,"-0,07",90,"-0,28",99,"0,05",93,"-0,54","0,29",93,"-25,00",99
